filepath,dataset,speaker_id,attack_id,attack_category,label,split,subset_filepath
data/raw/LA/LA/ASVspoof2019_LA_train/flac/LA_T_3891170.flac,LA,LA_0085,-,bonafide,bonafide,train,data/subset_raw/LA_train_LA_T_3891170.flac
data/raw/LA/LA/ASVspoof2019_LA_train/flac/LA_T_2948101.flac,LA,LA_0097,-,bonafide,bonafide,test,data/subset_raw/LA_test_LA_T_2948101.flac
data/raw/LA/LA/ASVspoof2019_LA_train/flac/LA_T_8919107.flac,LA,LA_0084,-,bonafide,bonafide,train,data/subset_raw/LA_train_LA_T_8919107.flac
data/raw/LA/LA/ASVspoof2019_LA_train/flac/LA_T_6650735.flac,LA,LA_0081,-,bonafide,bonafide,train,data/subset_raw/LA_train_LA_T_6650735.flac
data/raw/LA/LA/ASVspoof2019_LA_train/flac/LA_T_5362691.flac,LA,LA_0086,-,bonafide,bonafide,test,data/subset_raw/LA_test_LA_T_5362691.flac
data/raw/LA/LA/ASVspoof2019_LA_train/flac/LA_T_9132181.flac,LA,LA_0098,-,bonafide,bonafide,train,data/subset_raw/LA_train_LA_T_9132181.flac
data/raw/LA/LA/ASVspoof2019_LA_train/flac/LA_T_3517700.flac,LA,LA_0098,-,bonafide,bonafide,train,data/subset_raw/LA_train_LA_T_3517700.flac
data/raw/LA/LA/ASVspoof2019_LA_train/flac/LA_T_2502033.flac,LA,LA_0092,-,bonafide,bonafide,train,data/subset_raw/LA_train_LA_T_2502033.flac
data/raw/LA/LA/ASVspoof2019_LA_train/flac/LA_T_8234497.flac,LA,LA_0090,-,bonafide,bonafide,train,data/subset_raw/LA_train_LA_T_8234497.flac
data/raw/LA/LA/ASVspoof2019_LA_train/flac/LA_T_8847275.flac,LA,LA_0094,-,bonafide,bonafide,train,data/subset_raw/LA_train_LA_T_8847275.flac
data/raw/LA/LA/ASVspoof2019_LA_train/flac/LA_T_6175341.flac,LA,LA_0097,-,bonafide,bonafide,test,data/subset_raw/LA_test_LA_T_6175341.flac
data/raw/LA/LA/ASVspoof2019_LA_train/flac/LA_T_3324661.flac,LA,LA_0087,-,bonafide,bonafide,train,data/subset_raw/LA_train_LA_T_3324661.flac
data/raw/LA/LA/ASVspoof2019_LA_train/flac/LA_T_6636159.flac,LA,LA_0092,-,bonafide,bonafide,train,data/subset_raw/LA_train_LA_T_6636159.flac
data/raw/LA/LA/ASVspoof2019_LA_train/flac/LA_T_1744427.flac,LA,LA_0091,-,bonafide,bonafide,train,data/subset_raw/LA_train_LA_T_1744427.flac
data/raw/LA/LA/ASVspoof2019_LA_train/flac/LA_T_5314492.flac,LA,LA_0088,-,bonafide,bonafide,train,data/subset_raw/LA_train_LA_T_5314492.flac
data/raw/LA/LA/ASVspoof2019_LA_train/flac/LA_T_1933449.flac,LA,LA_0083,-,bonafide,bonafide,train,data/subset_raw/LA_train_LA_T_1933449.flac
data/raw/LA/LA/ASVspoof2019_LA_train/flac/LA_T_4400269.flac,LA,LA_0081,-,bonafide,bonafide,train,data/subset_raw/LA_train_LA_T_4400269.flac
data/raw/LA/LA/ASVspoof2019_LA_train/flac/LA_T_1897758.flac,LA,LA_0096,-,bonafide,bonafide,train,data/subset_raw/LA_train_LA_T_1897758.flac
data/raw/LA/LA/ASVspoof2019_LA_train/flac/LA_T_9074017.flac,LA,LA_0096,-,bonafide,bonafide,train,data/subset_raw/LA_train_LA_T_9074017.flac
data/raw/LA/LA/ASVspoof2019_LA_train/flac/LA_T_8874328.flac,LA,LA_0087,-,bonafide,bonafide,train,data/subset_raw/LA_train_LA_T_8874328.flac
data/raw/LA/LA/ASVspoof2019_LA_train/flac/LA_T_8388870.flac,LA,LA_0081,-,bonafide,bonafide,train,data/subset_raw/LA_train_LA_T_8388870.flac
data/raw/LA/LA/ASVspoof2019_LA_train/flac/LA_T_4290789.flac,LA,LA_0089,-,bonafide,bonafide,val,data/subset_raw/LA_val_LA_T_4290789.flac
data/raw/LA/LA/ASVspoof2019_LA_train/flac/LA_T_9506168.flac,LA,LA_0097,-,bonafide,bonafide,test,data/subset_raw/LA_test_LA_T_9506168.flac
data/raw/LA/LA/ASVspoof2019_LA_train/flac/LA_T_4606578.flac,LA,LA_0084,-,bonafide,bonafide,train,data/subset_raw/LA_train_LA_T_4606578.flac
data/raw/LA/LA/ASVspoof2019_LA_train/flac/LA_T_9863654.flac,LA,LA_0087,-,bonafide,bonafide,train,data/subset_raw/LA_train_LA_T_9863654.flac
data/raw/LA/LA/ASVspoof2019_LA_train/flac/LA_T_2439075.flac,LA,LA_0096,-,bonafide,bonafide,train,data/subset_raw/LA_train_LA_T_2439075.flac
data/raw/LA/LA/ASVspoof2019_LA_train/flac/LA_T_5954195.flac,LA,LA_0079,-,bonafide,bonafide,train,data/subset_raw/LA_train_LA_T_5954195.flac
data/raw/LA/LA/ASVspoof2019_LA_train/flac/LA_T_4362109.flac,LA,LA_0079,-,bonafide,bonafide,train,data/subset_raw/LA_train_LA_T_4362109.flac
data/raw/LA/LA/ASVspoof2019_LA_train/flac/LA_T_5326363.flac,LA,LA_0091,-,bonafide,bonafide,train,data/subset_raw/LA_train_LA_T_5326363.flac
data/raw/LA/LA/ASVspoof2019_LA_train/flac/LA_T_1611587.flac,LA,LA_0086,-,bonafide,bonafide,test,data/subset_raw/LA_test_LA_T_1611587.flac
data/raw/LA/LA/ASVspoof2019_LA_train/flac/LA_T_8052308.flac,LA,LA_0084,-,bonafide,bonafide,train,data/subset_raw/LA_train_LA_T_8052308.flac
data/raw/LA/LA/ASVspoof2019_LA_train/flac/LA_T_6015645.flac,LA,LA_0087,-,bonafide,bonafide,train,data/subset_raw/LA_train_LA_T_6015645.flac
data/raw/LA/LA/ASVspoof2019_LA_train/flac/LA_T_5065316.flac,LA,LA_0092,-,bonafide,bonafide,train,data/subset_raw/LA_train_LA_T_5065316.flac
data/raw/LA/LA/ASVspoof2019_LA_train/flac/LA_T_5374473.flac,LA,LA_0091,-,bonafide,bonafide,train,data/subset_raw/LA_train_LA_T_5374473.flac
data/raw/LA/LA/ASVspoof2019_LA_train/flac/LA_T_4176612.flac,LA,LA_0080,-,bonafide,bonafide,train,data/subset_raw/LA_train_LA_T_4176612.flac
data/raw/LA/LA/ASVspoof2019_LA_train/flac/LA_T_9593260.flac,LA,LA_0084,-,bonafide,bonafide,train,data/subset_raw/LA_train_LA_T_9593260.flac
data/raw/LA/LA/ASVspoof2019_LA_train/flac/LA_T_3154528.flac,LA,LA_0084,-,bonafide,bonafide,train,data/subset_raw/LA_train_LA_T_3154528.flac
data/raw/LA/LA/ASVspoof2019_LA_train/flac/LA_T_5669661.flac,LA,LA_0089,-,bonafide,bonafide,val,data/subset_raw/LA_val_LA_T_5669661.flac
data/raw/LA/LA/ASVspoof2019_LA_train/flac/LA_T_3995089.flac,LA,LA_0079,-,bonafide,bonafide,train,data/subset_raw/LA_train_LA_T_3995089.flac
data/raw/LA/LA/ASVspoof2019_LA_train/flac/LA_T_2345808.flac,LA,LA_0091,-,bonafide,bonafide,train,data/subset_raw/LA_train_LA_T_2345808.flac
data/raw/LA/LA/ASVspoof2019_LA_train/flac/LA_T_7075102.flac,LA,LA_0081,-,bonafide,bonafide,train,data/subset_raw/LA_train_LA_T_7075102.flac
data/raw/LA/LA/ASVspoof2019_LA_train/flac/LA_T_7974459.flac,LA,LA_0083,-,bonafide,bonafide,train,data/subset_raw/LA_train_LA_T_7974459.flac
data/raw/LA/LA/ASVspoof2019_LA_train/flac/LA_T_4105004.flac,LA,LA_0080,-,bonafide,bonafide,train,data/subset_raw/LA_train_LA_T_4105004.flac
data/raw/LA/LA/ASVspoof2019_LA_train/flac/LA_T_3485288.flac,LA,LA_0092,-,bonafide,bonafide,train,data/subset_raw/LA_train_LA_T_3485288.flac
data/raw/LA/LA/ASVspoof2019_LA_train/flac/LA_T_7208401.flac,LA,LA_0094,-,bonafide,bonafide,train,data/subset_raw/LA_train_LA_T_7208401.flac
data/raw/LA/LA/ASVspoof2019_LA_train/flac/LA_T_4436477.flac,LA,LA_0089,-,bonafide,bonafide,val,data/subset_raw/LA_val_LA_T_4436477.flac
data/raw/LA/LA/ASVspoof2019_LA_train/flac/LA_T_8208951.flac,LA,LA_0096,-,bonafide,bonafide,train,data/subset_raw/LA_train_LA_T_8208951.flac
data/raw/LA/LA/ASVspoof2019_LA_train/flac/LA_T_8651978.flac,LA,LA_0087,-,bonafide,bonafide,train,data/subset_raw/LA_train_LA_T_8651978.flac
data/raw/LA/LA/ASVspoof2019_LA_train/flac/LA_T_1963829.flac,LA,LA_0084,-,bonafide,bonafide,train,data/subset_raw/LA_train_LA_T_1963829.flac
data/raw/LA/LA/ASVspoof2019_LA_train/flac/LA_T_4891261.flac,LA,LA_0093,-,bonafide,bonafide,test,data/subset_raw/LA_test_LA_T_4891261.flac
data/raw/LA/LA/ASVspoof2019_LA_train/flac/LA_T_2280500.flac,LA,LA_0084,-,bonafide,bonafide,train,data/subset_raw/LA_train_LA_T_2280500.flac
data/raw/LA/LA/ASVspoof2019_LA_train/flac/LA_T_5799348.flac,LA,LA_0090,-,bonafide,bonafide,train,data/subset_raw/LA_train_LA_T_5799348.flac
data/raw/LA/LA/ASVspoof2019_LA_train/flac/LA_T_3680444.flac,LA,LA_0096,-,bonafide,bonafide,train,data/subset_raw/LA_train_LA_T_3680444.flac
data/raw/LA/LA/ASVspoof2019_LA_train/flac/LA_T_2054424.flac,LA,LA_0096,-,bonafide,bonafide,train,data/subset_raw/LA_train_LA_T_2054424.flac
data/raw/LA/LA/ASVspoof2019_LA_train/flac/LA_T_7357748.flac,LA,LA_0087,-,bonafide,bonafide,train,data/subset_raw/LA_train_LA_T_7357748.flac
data/raw/LA/LA/ASVspoof2019_LA_train/flac/LA_T_1873366.flac,LA,LA_0083,-,bonafide,bonafide,train,data/subset_raw/LA_train_LA_T_1873366.flac
data/raw/LA/LA/ASVspoof2019_LA_train/flac/LA_T_7514330.flac,LA,LA_0087,-,bonafide,bonafide,train,data/subset_raw/LA_train_LA_T_7514330.flac
data/raw/LA/LA/ASVspoof2019_LA_train/flac/LA_T_7179987.flac,LA,LA_0098,-,bonafide,bonafide,train,data/subset_raw/LA_train_LA_T_7179987.flac
data/raw/LA/LA/ASVspoof2019_LA_train/flac/LA_T_7121055.flac,LA,LA_0088,-,bonafide,bonafide,train,data/subset_raw/LA_train_LA_T_7121055.flac
data/raw/LA/LA/ASVspoof2019_LA_train/flac/LA_T_9378967.flac,LA,LA_0098,-,bonafide,bonafide,train,data/subset_raw/LA_train_LA_T_9378967.flac
data/raw/LA/LA/ASVspoof2019_LA_train/flac/LA_T_7839297.flac,LA,LA_0096,-,bonafide,bonafide,train,data/subset_raw/LA_train_LA_T_7839297.flac
data/raw/LA/LA/ASVspoof2019_LA_train/flac/LA_T_1991708.flac,LA,LA_0093,-,bonafide,bonafide,test,data/subset_raw/LA_test_LA_T_1991708.flac
data/raw/LA/LA/ASVspoof2019_LA_train/flac/LA_T_6105178.flac,LA,LA_0079,-,bonafide,bonafide,train,data/subset_raw/LA_train_LA_T_6105178.flac
data/raw/LA/LA/ASVspoof2019_LA_train/flac/LA_T_9772981.flac,LA,LA_0082,-,bonafide,bonafide,val,data/subset_raw/LA_val_LA_T_9772981.flac
data/raw/LA/LA/ASVspoof2019_LA_train/flac/LA_T_7223058.flac,LA,LA_0095,-,bonafide,bonafide,train,data/subset_raw/LA_train_LA_T_7223058.flac
data/raw/LA/LA/ASVspoof2019_LA_train/flac/LA_T_5114581.flac,LA,LA_0094,-,bonafide,bonafide,train,data/subset_raw/LA_train_LA_T_5114581.flac
data/raw/LA/LA/ASVspoof2019_LA_train/flac/LA_T_6877652.flac,LA,LA_0095,-,bonafide,bonafide,train,data/subset_raw/LA_train_LA_T_6877652.flac
data/raw/LA/LA/ASVspoof2019_LA_train/flac/LA_T_6946670.flac,LA,LA_0082,-,bonafide,bonafide,val,data/subset_raw/LA_val_LA_T_6946670.flac
data/raw/LA/LA/ASVspoof2019_LA_train/flac/LA_T_9251617.flac,LA,LA_0092,-,bonafide,bonafide,train,data/subset_raw/LA_train_LA_T_9251617.flac
data/raw/LA/LA/ASVspoof2019_LA_train/flac/LA_T_7826829.flac,LA,LA_0085,-,bonafide,bonafide,train,data/subset_raw/LA_train_LA_T_7826829.flac
data/raw/LA/LA/ASVspoof2019_LA_train/flac/LA_T_2147294.flac,LA,LA_0091,-,bonafide,bonafide,train,data/subset_raw/LA_train_LA_T_2147294.flac
data/raw/LA/LA/ASVspoof2019_LA_train/flac/LA_T_8172146.flac,LA,LA_0089,-,bonafide,bonafide,val,data/subset_raw/LA_val_LA_T_8172146.flac
data/raw/LA/LA/ASVspoof2019_LA_train/flac/LA_T_9276467.flac,LA,LA_0091,-,bonafide,bonafide,train,data/subset_raw/LA_train_LA_T_9276467.flac
data/raw/LA/LA/ASVspoof2019_LA_train/flac/LA_T_1410416.flac,LA,LA_0087,-,bonafide,bonafide,train,data/subset_raw/LA_train_LA_T_1410416.flac
data/raw/LA/LA/ASVspoof2019_LA_train/flac/LA_T_1831818.flac,LA,LA_0084,-,bonafide,bonafide,train,data/subset_raw/LA_train_LA_T_1831818.flac
data/raw/LA/LA/ASVspoof2019_LA_train/flac/LA_T_6034182.flac,LA,LA_0086,-,bonafide,bonafide,test,data/subset_raw/LA_test_LA_T_6034182.flac
data/raw/LA/LA/ASVspoof2019_LA_train/flac/LA_T_7579441.flac,LA,LA_0097,-,bonafide,bonafide,test,data/subset_raw/LA_test_LA_T_7579441.flac
data/raw/LA/LA/ASVspoof2019_LA_train/flac/LA_T_8589988.flac,LA,LA_0084,-,bonafide,bonafide,train,data/subset_raw/LA_train_LA_T_8589988.flac
data/raw/LA/LA/ASVspoof2019_LA_train/flac/LA_T_9969620.flac,LA,LA_0089,-,bonafide,bonafide,val,data/subset_raw/LA_val_LA_T_9969620.flac
data/raw/LA/LA/ASVspoof2019_LA_train/flac/LA_T_3470152.flac,LA,LA_0093,-,bonafide,bonafide,test,data/subset_raw/LA_test_LA_T_3470152.flac
data/raw/LA/LA/ASVspoof2019_LA_train/flac/LA_T_6093991.flac,LA,LA_0096,-,bonafide,bonafide,train,data/subset_raw/LA_train_LA_T_6093991.flac
data/raw/LA/LA/ASVspoof2019_LA_train/flac/LA_T_7214355.flac,LA,LA_0090,-,bonafide,bonafide,train,data/subset_raw/LA_train_LA_T_7214355.flac
data/raw/LA/LA/ASVspoof2019_LA_train/flac/LA_T_2127844.flac,LA,LA_0088,-,bonafide,bonafide,train,data/subset_raw/LA_train_LA_T_2127844.flac
data/raw/LA/LA/ASVspoof2019_LA_train/flac/LA_T_1636151.flac,LA,LA_0092,-,bonafide,bonafide,train,data/subset_raw/LA_train_LA_T_1636151.flac
data/raw/LA/LA/ASVspoof2019_LA_train/flac/LA_T_1363347.flac,LA,LA_0095,-,bonafide,bonafide,train,data/subset_raw/LA_train_LA_T_1363347.flac
data/raw/LA/LA/ASVspoof2019_LA_train/flac/LA_T_8925615.flac,LA,LA_0096,-,bonafide,bonafide,train,data/subset_raw/LA_train_LA_T_8925615.flac
data/raw/LA/LA/ASVspoof2019_LA_train/flac/LA_T_6450026.flac,LA,LA_0093,-,bonafide,bonafide,test,data/subset_raw/LA_test_LA_T_6450026.flac
data/raw/LA/LA/ASVspoof2019_LA_train/flac/LA_T_9213454.flac,LA,LA_0081,-,bonafide,bonafide,train,data/subset_raw/LA_train_LA_T_9213454.flac
data/raw/LA/LA/ASVspoof2019_LA_train/flac/LA_T_3068473.flac,LA,LA_0082,-,bonafide,bonafide,val,data/subset_raw/LA_val_LA_T_3068473.flac
data/raw/LA/LA/ASVspoof2019_LA_train/flac/LA_T_5683238.flac,LA,LA_0088,-,bonafide,bonafide,train,data/subset_raw/LA_train_LA_T_5683238.flac
data/raw/LA/LA/ASVspoof2019_LA_train/flac/LA_T_1923872.flac,LA,LA_0082,-,bonafide,bonafide,val,data/subset_raw/LA_val_LA_T_1923872.flac
data/raw/LA/LA/ASVspoof2019_LA_train/flac/LA_T_5399126.flac,LA,LA_0080,-,bonafide,bonafide,train,data/subset_raw/LA_train_LA_T_5399126.flac
data/raw/LA/LA/ASVspoof2019_LA_train/flac/LA_T_3849267.flac,LA,LA_0079,-,bonafide,bonafide,train,data/subset_raw/LA_train_LA_T_3849267.flac
data/raw/LA/LA/ASVspoof2019_LA_train/flac/LA_T_1482834.flac,LA,LA_0087,-,bonafide,bonafide,train,data/subset_raw/LA_train_LA_T_1482834.flac
data/raw/LA/LA/ASVspoof2019_LA_train/flac/LA_T_8490726.flac,LA,LA_0091,-,bonafide,bonafide,train,data/subset_raw/LA_train_LA_T_8490726.flac
data/raw/LA/LA/ASVspoof2019_LA_train/flac/LA_T_6724576.flac,LA,LA_0097,-,bonafide,bonafide,test,data/subset_raw/LA_test_LA_T_6724576.flac
data/raw/LA/LA/ASVspoof2019_LA_train/flac/LA_T_4043474.flac,LA,LA_0085,-,bonafide,bonafide,train,data/subset_raw/LA_train_LA_T_4043474.flac
data/raw/LA/LA/ASVspoof2019_LA_train/flac/LA_T_7344886.flac,LA,LA_0083,-,bonafide,bonafide,train,data/subset_raw/LA_train_LA_T_7344886.flac
data/raw/LA/LA/ASVspoof2019_LA_train/flac/LA_T_2707835.flac,LA,LA_0088,-,bonafide,bonafide,train,data/subset_raw/LA_train_LA_T_2707835.flac
data/raw/LA/LA/ASVspoof2019_LA_train/flac/LA_T_8898922.flac,LA,LA_0087,-,bonafide,bonafide,train,data/subset_raw/LA_train_LA_T_8898922.flac
data/raw/LA/LA/ASVspoof2019_LA_train/flac/LA_T_2066209.flac,LA,LA_0098,-,bonafide,bonafide,train,data/subset_raw/LA_train_LA_T_2066209.flac
data/raw/LA/LA/ASVspoof2019_LA_train/flac/LA_T_1861398.flac,LA,LA_0086,-,bonafide,bonafide,test,data/subset_raw/LA_test_LA_T_1861398.flac
data/raw/LA/LA/ASVspoof2019_LA_train/flac/LA_T_4615562.flac,LA,LA_0085,-,bonafide,bonafide,train,data/subset_raw/LA_train_LA_T_4615562.flac
data/raw/LA/LA/ASVspoof2019_LA_train/flac/LA_T_4270225.flac,LA,LA_0093,-,bonafide,bonafide,test,data/subset_raw/LA_test_LA_T_4270225.flac
data/raw/LA/LA/ASVspoof2019_LA_train/flac/LA_T_6271185.flac,LA,LA_0088,-,bonafide,bonafide,train,data/subset_raw/LA_train_LA_T_6271185.flac
data/raw/LA/LA/ASVspoof2019_LA_train/flac/LA_T_3772667.flac,LA,LA_0080,-,bonafide,bonafide,train,data/subset_raw/LA_train_LA_T_3772667.flac
data/raw/LA/LA/ASVspoof2019_LA_train/flac/LA_T_4263726.flac,LA,LA_0095,-,bonafide,bonafide,train,data/subset_raw/LA_train_LA_T_4263726.flac
data/raw/LA/LA/ASVspoof2019_LA_train/flac/LA_T_9048990.flac,LA,LA_0092,-,bonafide,bonafide,train,data/subset_raw/LA_train_LA_T_9048990.flac
data/raw/LA/LA/ASVspoof2019_LA_train/flac/LA_T_6594586.flac,LA,LA_0089,-,bonafide,bonafide,val,data/subset_raw/LA_val_LA_T_6594586.flac
data/raw/LA/LA/ASVspoof2019_LA_train/flac/LA_T_8726287.flac,LA,LA_0088,-,bonafide,bonafide,train,data/subset_raw/LA_train_LA_T_8726287.flac
data/raw/LA/LA/ASVspoof2019_LA_train/flac/LA_T_9457505.flac,LA,LA_0091,-,bonafide,bonafide,train,data/subset_raw/LA_train_LA_T_9457505.flac
data/raw/LA/LA/ASVspoof2019_LA_train/flac/LA_T_2598851.flac,LA,LA_0092,-,bonafide,bonafide,train,data/subset_raw/LA_train_LA_T_2598851.flac
data/raw/LA/LA/ASVspoof2019_LA_train/flac/LA_T_2118892.flac,LA,LA_0088,-,bonafide,bonafide,train,data/subset_raw/LA_train_LA_T_2118892.flac
data/raw/LA/LA/ASVspoof2019_LA_train/flac/LA_T_9032022.flac,LA,LA_0085,-,bonafide,bonafide,train,data/subset_raw/LA_train_LA_T_9032022.flac
data/raw/LA/LA/ASVspoof2019_LA_train/flac/LA_T_6059767.flac,LA,LA_0092,-,bonafide,bonafide,train,data/subset_raw/LA_train_LA_T_6059767.flac
data/raw/LA/LA/ASVspoof2019_LA_train/flac/LA_T_3447323.flac,LA,LA_0088,-,bonafide,bonafide,train,data/subset_raw/LA_train_LA_T_3447323.flac
data/raw/LA/LA/ASVspoof2019_LA_train/flac/LA_T_5795707.flac,LA,LA_0087,-,bonafide,bonafide,train,data/subset_raw/LA_train_LA_T_5795707.flac
data/raw/LA/LA/ASVspoof2019_LA_train/flac/LA_T_8105555.flac,LA,LA_0084,-,bonafide,bonafide,train,data/subset_raw/LA_train_LA_T_8105555.flac
data/raw/LA/LA/ASVspoof2019_LA_train/flac/LA_T_6376473.flac,LA,LA_0094,-,bonafide,bonafide,train,data/subset_raw/LA_train_LA_T_6376473.flac
data/raw/LA/LA/ASVspoof2019_LA_train/flac/LA_T_9102017.flac,LA,LA_0080,-,bonafide,bonafide,train,data/subset_raw/LA_train_LA_T_9102017.flac
data/raw/LA/LA/ASVspoof2019_LA_train/flac/LA_T_2482961.flac,LA,LA_0095,-,bonafide,bonafide,train,data/subset_raw/LA_train_LA_T_2482961.flac
data/raw/LA/LA/ASVspoof2019_LA_train/flac/LA_T_8955767.flac,LA,LA_0089,-,bonafide,bonafide,val,data/subset_raw/LA_val_LA_T_8955767.flac
data/raw/LA/LA/ASVspoof2019_LA_train/flac/LA_T_2642748.flac,LA,LA_0096,-,bonafide,bonafide,train,data/subset_raw/LA_train_LA_T_2642748.flac
data/raw/LA/LA/ASVspoof2019_LA_train/flac/LA_T_9189420.flac,LA,LA_0083,-,bonafide,bonafide,train,data/subset_raw/LA_train_LA_T_9189420.flac
data/raw/LA/LA/ASVspoof2019_LA_train/flac/LA_T_6631167.flac,LA,LA_0080,-,bonafide,bonafide,train,data/subset_raw/LA_train_LA_T_6631167.flac
data/raw/LA/LA/ASVspoof2019_LA_train/flac/LA_T_3395385.flac,LA,LA_0096,-,bonafide,bonafide,train,data/subset_raw/LA_train_LA_T_3395385.flac
data/raw/LA/LA/ASVspoof2019_LA_train/flac/LA_T_4051929.flac,LA,LA_0093,-,bonafide,bonafide,test,data/subset_raw/LA_test_LA_T_4051929.flac
data/raw/LA/LA/ASVspoof2019_LA_train/flac/LA_T_7696598.flac,LA,LA_0082,-,bonafide,bonafide,val,data/subset_raw/LA_val_LA_T_7696598.flac
data/raw/LA/LA/ASVspoof2019_LA_train/flac/LA_T_7467165.flac,LA,LA_0094,-,bonafide,bonafide,train,data/subset_raw/LA_train_LA_T_7467165.flac
data/raw/LA/LA/ASVspoof2019_LA_train/flac/LA_T_5266787.flac,LA,LA_0080,-,bonafide,bonafide,train,data/subset_raw/LA_train_LA_T_5266787.flac
data/raw/LA/LA/ASVspoof2019_LA_train/flac/LA_T_2175978.flac,LA,LA_0097,-,bonafide,bonafide,test,data/subset_raw/LA_test_LA_T_2175978.flac
data/raw/LA/LA/ASVspoof2019_LA_train/flac/LA_T_1979527.flac,LA,LA_0086,-,bonafide,bonafide,test,data/subset_raw/LA_test_LA_T_1979527.flac
data/raw/LA/LA/ASVspoof2019_LA_train/flac/LA_T_3264459.flac,LA,LA_0086,-,bonafide,bonafide,test,data/subset_raw/LA_test_LA_T_3264459.flac
data/raw/LA/LA/ASVspoof2019_LA_train/flac/LA_T_8178089.flac,LA,LA_0085,-,bonafide,bonafide,train,data/subset_raw/LA_train_LA_T_8178089.flac
data/raw/LA/LA/ASVspoof2019_LA_train/flac/LA_T_1023546.flac,LA,LA_0085,-,bonafide,bonafide,train,data/subset_raw/LA_train_LA_T_1023546.flac
data/raw/LA/LA/ASVspoof2019_LA_train/flac/LA_T_8275432.flac,LA,LA_0088,-,bonafide,bonafide,train,data/subset_raw/LA_train_LA_T_8275432.flac
data/raw/LA/LA/ASVspoof2019_LA_train/flac/LA_T_3747046.flac,LA,LA_0088,-,bonafide,bonafide,train,data/subset_raw/LA_train_LA_T_3747046.flac
data/raw/LA/LA/ASVspoof2019_LA_train/flac/LA_T_4197596.flac,LA,LA_0098,-,bonafide,bonafide,train,data/subset_raw/LA_train_LA_T_4197596.flac
data/raw/LA/LA/ASVspoof2019_LA_train/flac/LA_T_5326968.flac,LA,LA_0093,-,bonafide,bonafide,test,data/subset_raw/LA_test_LA_T_5326968.flac
data/raw/LA/LA/ASVspoof2019_LA_train/flac/LA_T_4630790.flac,LA,LA_0093,-,bonafide,bonafide,test,data/subset_raw/LA_test_LA_T_4630790.flac
data/raw/LA/LA/ASVspoof2019_LA_train/flac/LA_T_4711197.flac,LA,LA_0085,-,bonafide,bonafide,train,data/subset_raw/LA_train_LA_T_4711197.flac
data/raw/LA/LA/ASVspoof2019_LA_train/flac/LA_T_9553112.flac,LA,LA_0095,-,bonafide,bonafide,train,data/subset_raw/LA_train_LA_T_9553112.flac
data/raw/LA/LA/ASVspoof2019_LA_train/flac/LA_T_5696560.flac,LA,LA_0092,-,bonafide,bonafide,train,data/subset_raw/LA_train_LA_T_5696560.flac
data/raw/LA/LA/ASVspoof2019_LA_train/flac/LA_T_6756969.flac,LA,LA_0087,-,bonafide,bonafide,train,data/subset_raw/LA_train_LA_T_6756969.flac
data/raw/LA/LA/ASVspoof2019_LA_train/flac/LA_T_1325649.flac,LA,LA_0089,-,bonafide,bonafide,val,data/subset_raw/LA_val_LA_T_1325649.flac
data/raw/LA/LA/ASVspoof2019_LA_train/flac/LA_T_3545264.flac,LA,LA_0094,-,bonafide,bonafide,train,data/subset_raw/LA_train_LA_T_3545264.flac
data/raw/LA/LA/ASVspoof2019_LA_train/flac/LA_T_7677120.flac,LA,LA_0079,-,bonafide,bonafide,train,data/subset_raw/LA_train_LA_T_7677120.flac
data/raw/LA/LA/ASVspoof2019_LA_train/flac/LA_T_1878391.flac,LA,LA_0084,-,bonafide,bonafide,train,data/subset_raw/LA_train_LA_T_1878391.flac
data/raw/LA/LA/ASVspoof2019_LA_train/flac/LA_T_9779411.flac,LA,LA_0087,-,bonafide,bonafide,train,data/subset_raw/LA_train_LA_T_9779411.flac
data/raw/LA/LA/ASVspoof2019_LA_train/flac/LA_T_7051313.flac,LA,LA_0084,-,bonafide,bonafide,train,data/subset_raw/LA_train_LA_T_7051313.flac
data/raw/LA/LA/ASVspoof2019_LA_train/flac/LA_T_7196016.flac,LA,LA_0095,A01,spoof,spoof,train,data/subset_raw/LA_train_LA_T_7196016.flac
data/raw/LA/LA/ASVspoof2019_LA_train/flac/LA_T_2021613.flac,LA,LA_0088,A04,spoof,spoof,train,data/subset_raw/LA_train_LA_T_2021613.flac
data/raw/LA/LA/ASVspoof2019_LA_train/flac/LA_T_6942847.flac,LA,LA_0083,A04,spoof,spoof,train,data/subset_raw/LA_train_LA_T_6942847.flac
data/raw/LA/LA/ASVspoof2019_LA_train/flac/LA_T_8159529.flac,LA,LA_0090,A01,spoof,spoof,train,data/subset_raw/LA_train_LA_T_8159529.flac
data/raw/LA/LA/ASVspoof2019_LA_train/flac/LA_T_8367117.flac,LA,LA_0098,A06,spoof,spoof,train,data/subset_raw/LA_train_LA_T_8367117.flac
data/raw/LA/LA/ASVspoof2019_LA_train/flac/LA_T_4873700.flac,LA,LA_0086,A05,spoof,spoof,test,data/subset_raw/LA_test_LA_T_4873700.flac
data/raw/LA/LA/ASVspoof2019_LA_train/flac/LA_T_5454842.flac,LA,LA_0083,A05,spoof,spoof,train,data/subset_raw/LA_train_LA_T_5454842.flac
data/raw/LA/LA/ASVspoof2019_LA_train/flac/LA_T_5820593.flac,LA,LA_0096,A02,spoof,spoof,train,data/subset_raw/LA_train_LA_T_5820593.flac
data/raw/LA/LA/ASVspoof2019_LA_train/flac/LA_T_5054337.flac,LA,LA_0086,A02,spoof,spoof,test,data/subset_raw/LA_test_LA_T_5054337.flac
data/raw/LA/LA/ASVspoof2019_LA_train/flac/LA_T_1531219.flac,LA,LA_0091,A05,spoof,spoof,train,data/subset_raw/LA_train_LA_T_1531219.flac
data/raw/LA/LA/ASVspoof2019_LA_train/flac/LA_T_1929428.flac,LA,LA_0097,A03,spoof,spoof,test,data/subset_raw/LA_test_LA_T_1929428.flac
data/raw/LA/LA/ASVspoof2019_LA_train/flac/LA_T_3167562.flac,LA,LA_0083,A04,spoof,spoof,train,data/subset_raw/LA_train_LA_T_3167562.flac
data/raw/LA/LA/ASVspoof2019_LA_train/flac/LA_T_9382514.flac,LA,LA_0088,A02,spoof,spoof,train,data/subset_raw/LA_train_LA_T_9382514.flac
data/raw/LA/LA/ASVspoof2019_LA_train/flac/LA_T_3683064.flac,LA,LA_0088,A04,spoof,spoof,train,data/subset_raw/LA_train_LA_T_3683064.flac
data/raw/LA/LA/ASVspoof2019_LA_train/flac/LA_T_5209238.flac,LA,LA_0097,A06,spoof,spoof,test,data/subset_raw/LA_test_LA_T_5209238.flac
data/raw/LA/LA/ASVspoof2019_LA_train/flac/LA_T_1217503.flac,LA,LA_0090,A03,spoof,spoof,train,data/subset_raw/LA_train_LA_T_1217503.flac
data/raw/LA/LA/ASVspoof2019_LA_train/flac/LA_T_2191824.flac,LA,LA_0085,A06,spoof,spoof,train,data/subset_raw/LA_train_LA_T_2191824.flac
data/raw/LA/LA/ASVspoof2019_LA_train/flac/LA_T_4164792.flac,LA,LA_0084,A03,spoof,spoof,train,data/subset_raw/LA_train_LA_T_4164792.flac
data/raw/LA/LA/ASVspoof2019_LA_train/flac/LA_T_7412444.flac,LA,LA_0084,A06,spoof,spoof,train,data/subset_raw/LA_train_LA_T_7412444.flac
data/raw/LA/LA/ASVspoof2019_LA_train/flac/LA_T_6355446.flac,LA,LA_0080,A06,spoof,spoof,train,data/subset_raw/LA_train_LA_T_6355446.flac
data/raw/LA/LA/ASVspoof2019_LA_train/flac/LA_T_2667116.flac,LA,LA_0093,A05,spoof,spoof,test,data/subset_raw/LA_test_LA_T_2667116.flac
data/raw/LA/LA/ASVspoof2019_LA_train/flac/LA_T_6919433.flac,LA,LA_0092,A05,spoof,spoof,train,data/subset_raw/LA_train_LA_T_6919433.flac
data/raw/LA/LA/ASVspoof2019_LA_train/flac/LA_T_8953521.flac,LA,LA_0089,A01,spoof,spoof,val,data/subset_raw/LA_val_LA_T_8953521.flac
data/raw/LA/LA/ASVspoof2019_LA_train/flac/LA_T_3287677.flac,LA,LA_0083,A03,spoof,spoof,train,data/subset_raw/LA_train_LA_T_3287677.flac
data/raw/LA/LA/ASVspoof2019_LA_train/flac/LA_T_9851170.flac,LA,LA_0086,A04,spoof,spoof,test,data/subset_raw/LA_test_LA_T_9851170.flac
data/raw/LA/LA/ASVspoof2019_LA_train/flac/LA_T_1544826.flac,LA,LA_0095,A03,spoof,spoof,train,data/subset_raw/LA_train_LA_T_1544826.flac
data/raw/LA/LA/ASVspoof2019_LA_train/flac/LA_T_6866613.flac,LA,LA_0097,A04,spoof,spoof,test,data/subset_raw/LA_test_LA_T_6866613.flac
data/raw/LA/LA/ASVspoof2019_LA_train/flac/LA_T_5379096.flac,LA,LA_0092,A03,spoof,spoof,train,data/subset_raw/LA_train_LA_T_5379096.flac
data/raw/LA/LA/ASVspoof2019_LA_train/flac/LA_T_1957538.flac,LA,LA_0087,A03,spoof,spoof,train,data/subset_raw/LA_train_LA_T_1957538.flac
data/raw/LA/LA/ASVspoof2019_LA_train/flac/LA_T_8276326.flac,LA,LA_0086,A03,spoof,spoof,test,data/subset_raw/LA_test_LA_T_8276326.flac
data/raw/LA/LA/ASVspoof2019_LA_train/flac/LA_T_7249621.flac,LA,LA_0080,A05,spoof,spoof,train,data/subset_raw/LA_train_LA_T_7249621.flac
data/raw/LA/LA/ASVspoof2019_LA_train/flac/LA_T_6030668.flac,LA,LA_0097,A04,spoof,spoof,test,data/subset_raw/LA_test_LA_T_6030668.flac
data/raw/LA/LA/ASVspoof2019_LA_train/flac/LA_T_2457545.flac,LA,LA_0092,A04,spoof,spoof,train,data/subset_raw/LA_train_LA_T_2457545.flac
data/raw/LA/LA/ASVspoof2019_LA_train/flac/LA_T_9639913.flac,LA,LA_0083,A05,spoof,spoof,train,data/subset_raw/LA_train_LA_T_9639913.flac
data/raw/LA/LA/ASVspoof2019_LA_train/flac/LA_T_8813074.flac,LA,LA_0081,A03,spoof,spoof,train,data/subset_raw/LA_train_LA_T_8813074.flac
data/raw/LA/LA/ASVspoof2019_LA_train/flac/LA_T_3192467.flac,LA,LA_0087,A03,spoof,spoof,train,data/subset_raw/LA_train_LA_T_3192467.flac
data/raw/LA/LA/ASVspoof2019_LA_train/flac/LA_T_9190352.flac,LA,LA_0089,A06,spoof,spoof,val,data/subset_raw/LA_val_LA_T_9190352.flac
data/raw/LA/LA/ASVspoof2019_LA_train/flac/LA_T_4868092.flac,LA,LA_0090,A02,spoof,spoof,train,data/subset_raw/LA_train_LA_T_4868092.flac
data/raw/LA/LA/ASVspoof2019_LA_train/flac/LA_T_6878620.flac,LA,LA_0081,A02,spoof,spoof,train,data/subset_raw/LA_train_LA_T_6878620.flac
data/raw/LA/LA/ASVspoof2019_LA_train/flac/LA_T_8345097.flac,LA,LA_0087,A02,spoof,spoof,train,data/subset_raw/LA_train_LA_T_8345097.flac
data/raw/LA/LA/ASVspoof2019_LA_train/flac/LA_T_1839608.flac,LA,LA_0096,A05,spoof,spoof,train,data/subset_raw/LA_train_LA_T_1839608.flac
data/raw/LA/LA/ASVspoof2019_LA_train/flac/LA_T_4847789.flac,LA,LA_0089,A01,spoof,spoof,val,data/subset_raw/LA_val_LA_T_4847789.flac
data/raw/LA/LA/ASVspoof2019_LA_train/flac/LA_T_5320272.flac,LA,LA_0088,A04,spoof,spoof,train,data/subset_raw/LA_train_LA_T_5320272.flac
data/raw/LA/LA/ASVspoof2019_LA_train/flac/LA_T_9144261.flac,LA,LA_0090,A01,spoof,spoof,train,data/subset_raw/LA_train_LA_T_9144261.flac
data/raw/LA/LA/ASVspoof2019_LA_train/flac/LA_T_4291784.flac,LA,LA_0083,A01,spoof,spoof,train,data/subset_raw/LA_train_LA_T_4291784.flac
data/raw/LA/LA/ASVspoof2019_LA_train/flac/LA_T_4754759.flac,LA,LA_0097,A04,spoof,spoof,test,data/subset_raw/LA_test_LA_T_4754759.flac
data/raw/LA/LA/ASVspoof2019_LA_train/flac/LA_T_6823968.flac,LA,LA_0079,A02,spoof,spoof,train,data/subset_raw/LA_train_LA_T_6823968.flac
data/raw/LA/LA/ASVspoof2019_LA_train/flac/LA_T_2942946.flac,LA,LA_0092,A03,spoof,spoof,train,data/subset_raw/LA_train_LA_T_2942946.flac
data/raw/LA/LA/ASVspoof2019_LA_train/flac/LA_T_9395136.flac,LA,LA_0089,A04,spoof,spoof,val,data/subset_raw/LA_val_LA_T_9395136.flac
data/raw/LA/LA/ASVspoof2019_LA_train/flac/LA_T_4244044.flac,LA,LA_0097,A06,spoof,spoof,test,data/subset_raw/LA_test_LA_T_4244044.flac
data/raw/LA/LA/ASVspoof2019_LA_train/flac/LA_T_1926605.flac,LA,LA_0090,A06,spoof,spoof,train,data/subset_raw/LA_train_LA_T_1926605.flac
data/raw/LA/LA/ASVspoof2019_LA_train/flac/LA_T_5021134.flac,LA,LA_0097,A06,spoof,spoof,test,data/subset_raw/LA_test_LA_T_5021134.flac
data/raw/LA/LA/ASVspoof2019_LA_train/flac/LA_T_8093073.flac,LA,LA_0080,A04,spoof,spoof,train,data/subset_raw/LA_train_LA_T_8093073.flac
data/raw/LA/LA/ASVspoof2019_LA_train/flac/LA_T_1711356.flac,LA,LA_0090,A01,spoof,spoof,train,data/subset_raw/LA_train_LA_T_1711356.flac
data/raw/LA/LA/ASVspoof2019_LA_train/flac/LA_T_3011280.flac,LA,LA_0080,A02,spoof,spoof,train,data/subset_raw/LA_train_LA_T_3011280.flac
data/raw/LA/LA/ASVspoof2019_LA_train/flac/LA_T_5865525.flac,LA,LA_0090,A01,spoof,spoof,train,data/subset_raw/LA_train_LA_T_5865525.flac
data/raw/LA/LA/ASVspoof2019_LA_train/flac/LA_T_9108679.flac,LA,LA_0085,A02,spoof,spoof,train,data/subset_raw/LA_train_LA_T_9108679.flac
data/raw/LA/LA/ASVspoof2019_LA_train/flac/LA_T_6071492.flac,LA,LA_0091,A03,spoof,spoof,train,data/subset_raw/LA_train_LA_T_6071492.flac
data/raw/LA/LA/ASVspoof2019_LA_train/flac/LA_T_1050944.flac,LA,LA_0088,A05,spoof,spoof,train,data/subset_raw/LA_train_LA_T_1050944.flac
data/raw/LA/LA/ASVspoof2019_LA_train/flac/LA_T_2338435.flac,LA,LA_0079,A03,spoof,spoof,train,data/subset_raw/LA_train_LA_T_2338435.flac
data/raw/LA/LA/ASVspoof2019_LA_train/flac/LA_T_9969841.flac,LA,LA_0096,A01,spoof,spoof,train,data/subset_raw/LA_train_LA_T_9969841.flac
data/raw/LA/LA/ASVspoof2019_LA_train/flac/LA_T_2369027.flac,LA,LA_0087,A06,spoof,spoof,train,data/subset_raw/LA_train_LA_T_2369027.flac
data/raw/LA/LA/ASVspoof2019_LA_train/flac/LA_T_4562769.flac,LA,LA_0097,A06,spoof,spoof,test,data/subset_raw/LA_test_LA_T_4562769.flac
data/raw/LA/LA/ASVspoof2019_LA_train/flac/LA_T_5557943.flac,LA,LA_0089,A06,spoof,spoof,val,data/subset_raw/LA_val_LA_T_5557943.flac
data/raw/LA/LA/ASVspoof2019_LA_train/flac/LA_T_5299003.flac,LA,LA_0089,A05,spoof,spoof,val,data/subset_raw/LA_val_LA_T_5299003.flac
data/raw/LA/LA/ASVspoof2019_LA_train/flac/LA_T_6866302.flac,LA,LA_0092,A04,spoof,spoof,train,data/subset_raw/LA_train_LA_T_6866302.flac
data/raw/LA/LA/ASVspoof2019_LA_train/flac/LA_T_4844815.flac,LA,LA_0080,A01,spoof,spoof,train,data/subset_raw/LA_train_LA_T_4844815.flac
data/raw/LA/LA/ASVspoof2019_LA_train/flac/LA_T_7389695.flac,LA,LA_0079,A01,spoof,spoof,train,data/subset_raw/LA_train_LA_T_7389695.flac
data/raw/LA/LA/ASVspoof2019_LA_train/flac/LA_T_4991778.flac,LA,LA_0085,A06,spoof,spoof,train,data/subset_raw/LA_train_LA_T_4991778.flac
data/raw/LA/LA/ASVspoof2019_LA_train/flac/LA_T_2462718.flac,LA,LA_0091,A03,spoof,spoof,train,data/subset_raw/LA_train_LA_T_2462718.flac
data/raw/LA/LA/ASVspoof2019_LA_train/flac/LA_T_5181234.flac,LA,LA_0082,A05,spoof,spoof,val,data/subset_raw/LA_val_LA_T_5181234.flac
data/raw/LA/LA/ASVspoof2019_LA_train/flac/LA_T_9027506.flac,LA,LA_0080,A02,spoof,spoof,train,data/subset_raw/LA_train_LA_T_9027506.flac
data/raw/LA/LA/ASVspoof2019_LA_train/flac/LA_T_8186635.flac,LA,LA_0081,A01,spoof,spoof,train,data/subset_raw/LA_train_LA_T_8186635.flac
data/raw/LA/LA/ASVspoof2019_LA_train/flac/LA_T_5447517.flac,LA,LA_0086,A03,spoof,spoof,test,data/subset_raw/LA_test_LA_T_5447517.flac
data/raw/LA/LA/ASVspoof2019_LA_train/flac/LA_T_9752029.flac,LA,LA_0079,A04,spoof,spoof,train,data/subset_raw/LA_train_LA_T_9752029.flac
data/raw/LA/LA/ASVspoof2019_LA_train/flac/LA_T_3541347.flac,LA,LA_0082,A06,spoof,spoof,val,data/subset_raw/LA_val_LA_T_3541347.flac
data/raw/LA/LA/ASVspoof2019_LA_train/flac/LA_T_8055426.flac,LA,LA_0090,A01,spoof,spoof,train,data/subset_raw/LA_train_LA_T_8055426.flac
data/raw/LA/LA/ASVspoof2019_LA_train/flac/LA_T_9056284.flac,LA,LA_0089,A01,spoof,spoof,val,data/subset_raw/LA_val_LA_T_9056284.flac
data/raw/LA/LA/ASVspoof2019_LA_train/flac/LA_T_3303089.flac,LA,LA_0091,A01,spoof,spoof,train,data/subset_raw/LA_train_LA_T_3303089.flac
data/raw/LA/LA/ASVspoof2019_LA_train/flac/LA_T_5710203.flac,LA,LA_0098,A04,spoof,spoof,train,data/subset_raw/LA_train_LA_T_5710203.flac
data/raw/LA/LA/ASVspoof2019_LA_train/flac/LA_T_8856200.flac,LA,LA_0090,A01,spoof,spoof,train,data/subset_raw/LA_train_LA_T_8856200.flac
data/raw/LA/LA/ASVspoof2019_LA_train/flac/LA_T_3674915.flac,LA,LA_0097,A06,spoof,spoof,test,data/subset_raw/LA_test_LA_T_3674915.flac
data/raw/LA/LA/ASVspoof2019_LA_train/flac/LA_T_9492498.flac,LA,LA_0093,A03,spoof,spoof,test,data/subset_raw/LA_test_LA_T_9492498.flac
data/raw/LA/LA/ASVspoof2019_LA_train/flac/LA_T_9274561.flac,LA,LA_0089,A03,spoof,spoof,val,data/subset_raw/LA_val_LA_T_9274561.flac
data/raw/LA/LA/ASVspoof2019_LA_train/flac/LA_T_6785696.flac,LA,LA_0087,A03,spoof,spoof,train,data/subset_raw/LA_train_LA_T_6785696.flac
data/raw/LA/LA/ASVspoof2019_LA_train/flac/LA_T_9529562.flac,LA,LA_0082,A02,spoof,spoof,val,data/subset_raw/LA_val_LA_T_9529562.flac
data/raw/LA/LA/ASVspoof2019_LA_train/flac/LA_T_1076210.flac,LA,LA_0094,A01,spoof,spoof,train,data/subset_raw/LA_train_LA_T_1076210.flac
data/raw/LA/LA/ASVspoof2019_LA_train/flac/LA_T_5333693.flac,LA,LA_0097,A05,spoof,spoof,test,data/subset_raw/LA_test_LA_T_5333693.flac
data/raw/LA/LA/ASVspoof2019_LA_train/flac/LA_T_6904969.flac,LA,LA_0082,A01,spoof,spoof,val,data/subset_raw/LA_val_LA_T_6904969.flac
data/raw/LA/LA/ASVspoof2019_LA_train/flac/LA_T_8287825.flac,LA,LA_0079,A03,spoof,spoof,train,data/subset_raw/LA_train_LA_T_8287825.flac
data/raw/LA/LA/ASVspoof2019_LA_train/flac/LA_T_2445227.flac,LA,LA_0090,A03,spoof,spoof,train,data/subset_raw/LA_train_LA_T_2445227.flac
data/raw/LA/LA/ASVspoof2019_LA_train/flac/LA_T_9499930.flac,LA,LA_0092,A05,spoof,spoof,train,data/subset_raw/LA_train_LA_T_9499930.flac
data/raw/LA/LA/ASVspoof2019_LA_train/flac/LA_T_6838646.flac,LA,LA_0089,A03,spoof,spoof,val,data/subset_raw/LA_val_LA_T_6838646.flac
data/raw/LA/LA/ASVspoof2019_LA_train/flac/LA_T_9683366.flac,LA,LA_0080,A04,spoof,spoof,train,data/subset_raw/LA_train_LA_T_9683366.flac
data/raw/LA/LA/ASVspoof2019_LA_train/flac/LA_T_2789947.flac,LA,LA_0097,A05,spoof,spoof,test,data/subset_raw/LA_test_LA_T_2789947.flac
data/raw/LA/LA/ASVspoof2019_LA_train/flac/LA_T_4307188.flac,LA,LA_0085,A05,spoof,spoof,train,data/subset_raw/LA_train_LA_T_4307188.flac
data/raw/LA/LA/ASVspoof2019_LA_train/flac/LA_T_7136815.flac,LA,LA_0085,A06,spoof,spoof,train,data/subset_raw/LA_train_LA_T_7136815.flac
data/raw/LA/LA/ASVspoof2019_LA_train/flac/LA_T_6174387.flac,LA,LA_0096,A01,spoof,spoof,train,data/subset_raw/LA_train_LA_T_6174387.flac
data/raw/LA/LA/ASVspoof2019_LA_train/flac/LA_T_9347890.flac,LA,LA_0083,A04,spoof,spoof,train,data/subset_raw/LA_train_LA_T_9347890.flac
data/raw/LA/LA/ASVspoof2019_LA_train/flac/LA_T_9683231.flac,LA,LA_0081,A02,spoof,spoof,train,data/subset_raw/LA_train_LA_T_9683231.flac
data/raw/LA/LA/ASVspoof2019_LA_train/flac/LA_T_7670531.flac,LA,LA_0084,A01,spoof,spoof,train,data/subset_raw/LA_train_LA_T_7670531.flac
data/raw/LA/LA/ASVspoof2019_LA_train/flac/LA_T_4207818.flac,LA,LA_0081,A01,spoof,spoof,train,data/subset_raw/LA_train_LA_T_4207818.flac
data/raw/LA/LA/ASVspoof2019_LA_train/flac/LA_T_3813986.flac,LA,LA_0089,A05,spoof,spoof,val,data/subset_raw/LA_val_LA_T_3813986.flac
data/raw/LA/LA/ASVspoof2019_LA_train/flac/LA_T_2237022.flac,LA,LA_0098,A01,spoof,spoof,train,data/subset_raw/LA_train_LA_T_2237022.flac
data/raw/LA/LA/ASVspoof2019_LA_train/flac/LA_T_5105792.flac,LA,LA_0091,A02,spoof,spoof,train,data/subset_raw/LA_train_LA_T_5105792.flac
data/raw/LA/LA/ASVspoof2019_LA_train/flac/LA_T_1054206.flac,LA,LA_0092,A06,spoof,spoof,train,data/subset_raw/LA_train_LA_T_1054206.flac
data/raw/LA/LA/ASVspoof2019_LA_train/flac/LA_T_8811619.flac,LA,LA_0096,A01,spoof,spoof,train,data/subset_raw/LA_train_LA_T_8811619.flac
data/raw/LA/LA/ASVspoof2019_LA_train/flac/LA_T_8966163.flac,LA,LA_0085,A03,spoof,spoof,train,data/subset_raw/LA_train_LA_T_8966163.flac
data/raw/LA/LA/ASVspoof2019_LA_train/flac/LA_T_5718643.flac,LA,LA_0083,A02,spoof,spoof,train,data/subset_raw/LA_train_LA_T_5718643.flac
data/raw/LA/LA/ASVspoof2019_LA_train/flac/LA_T_7814998.flac,LA,LA_0096,A04,spoof,spoof,train,data/subset_raw/LA_train_LA_T_7814998.flac
data/raw/LA/LA/ASVspoof2019_LA_train/flac/LA_T_8126617.flac,LA,LA_0091,A03,spoof,spoof,train,data/subset_raw/LA_train_LA_T_8126617.flac
data/raw/LA/LA/ASVspoof2019_LA_train/flac/LA_T_4608788.flac,LA,LA_0095,A02,spoof,spoof,train,data/subset_raw/LA_train_LA_T_4608788.flac
data/raw/LA/LA/ASVspoof2019_LA_train/flac/LA_T_7081724.flac,LA,LA_0084,A05,spoof,spoof,train,data/subset_raw/LA_train_LA_T_7081724.flac
data/raw/LA/LA/ASVspoof2019_LA_train/flac/LA_T_7623077.flac,LA,LA_0097,A05,spoof,spoof,test,data/subset_raw/LA_test_LA_T_7623077.flac
data/raw/LA/LA/ASVspoof2019_LA_train/flac/LA_T_8574954.flac,LA,LA_0085,A02,spoof,spoof,train,data/subset_raw/LA_train_LA_T_8574954.flac
data/raw/LA/LA/ASVspoof2019_LA_train/flac/LA_T_2233012.flac,LA,LA_0086,A06,spoof,spoof,test,data/subset_raw/LA_test_LA_T_2233012.flac
data/raw/LA/LA/ASVspoof2019_LA_train/flac/LA_T_6510676.flac,LA,LA_0090,A05,spoof,spoof,train,data/subset_raw/LA_train_LA_T_6510676.flac
data/raw/LA/LA/ASVspoof2019_LA_train/flac/LA_T_6962997.flac,LA,LA_0097,A04,spoof,spoof,test,data/subset_raw/LA_test_LA_T_6962997.flac
data/raw/LA/LA/ASVspoof2019_LA_train/flac/LA_T_4973732.flac,LA,LA_0081,A01,spoof,spoof,train,data/subset_raw/LA_train_LA_T_4973732.flac
data/raw/LA/LA/ASVspoof2019_LA_train/flac/LA_T_9860705.flac,LA,LA_0095,A01,spoof,spoof,train,data/subset_raw/LA_train_LA_T_9860705.flac
data/raw/LA/LA/ASVspoof2019_LA_train/flac/LA_T_5882239.flac,LA,LA_0087,A02,spoof,spoof,train,data/subset_raw/LA_train_LA_T_5882239.flac
data/raw/LA/LA/ASVspoof2019_LA_train/flac/LA_T_4583580.flac,LA,LA_0098,A03,spoof,spoof,train,data/subset_raw/LA_train_LA_T_4583580.flac
data/raw/LA/LA/ASVspoof2019_LA_train/flac/LA_T_5770156.flac,LA,LA_0097,A01,spoof,spoof,test,data/subset_raw/LA_test_LA_T_5770156.flac
data/raw/LA/LA/ASVspoof2019_LA_train/flac/LA_T_3339466.flac,LA,LA_0091,A05,spoof,spoof,train,data/subset_raw/LA_train_LA_T_3339466.flac
data/raw/LA/LA/ASVspoof2019_LA_train/flac/LA_T_4506743.flac,LA,LA_0081,A04,spoof,spoof,train,data/subset_raw/LA_train_LA_T_4506743.flac
data/raw/LA/LA/ASVspoof2019_LA_train/flac/LA_T_3622175.flac,LA,LA_0097,A01,spoof,spoof,test,data/subset_raw/LA_test_LA_T_3622175.flac
data/raw/LA/LA/ASVspoof2019_LA_train/flac/LA_T_6796337.flac,LA,LA_0097,A03,spoof,spoof,test,data/subset_raw/LA_test_LA_T_6796337.flac
data/raw/LA/LA/ASVspoof2019_LA_train/flac/LA_T_1471299.flac,LA,LA_0094,A02,spoof,spoof,train,data/subset_raw/LA_train_LA_T_1471299.flac
data/raw/LA/LA/ASVspoof2019_LA_train/flac/LA_T_9858769.flac,LA,LA_0086,A06,spoof,spoof,test,data/subset_raw/LA_test_LA_T_9858769.flac
data/raw/LA/LA/ASVspoof2019_LA_train/flac/LA_T_7047656.flac,LA,LA_0090,A01,spoof,spoof,train,data/subset_raw/LA_train_LA_T_7047656.flac
data/raw/LA/LA/ASVspoof2019_LA_train/flac/LA_T_4195301.flac,LA,LA_0084,A02,spoof,spoof,train,data/subset_raw/LA_train_LA_T_4195301.flac
data/raw/LA/LA/ASVspoof2019_LA_train/flac/LA_T_8588493.flac,LA,LA_0085,A06,spoof,spoof,train,data/subset_raw/LA_train_LA_T_8588493.flac
data/raw/LA/LA/ASVspoof2019_LA_train/flac/LA_T_5192352.flac,LA,LA_0090,A01,spoof,spoof,train,data/subset_raw/LA_train_LA_T_5192352.flac
data/raw/LA/LA/ASVspoof2019_LA_train/flac/LA_T_8897417.flac,LA,LA_0087,A02,spoof,spoof,train,data/subset_raw/LA_train_LA_T_8897417.flac
data/raw/LA/LA/ASVspoof2019_LA_train/flac/LA_T_4769657.flac,LA,LA_0097,A04,spoof,spoof,test,data/subset_raw/LA_test_LA_T_4769657.flac
data/raw/LA/LA/ASVspoof2019_LA_train/flac/LA_T_8944036.flac,LA,LA_0092,A04,spoof,spoof,train,data/subset_raw/LA_train_LA_T_8944036.flac
data/raw/LA/LA/ASVspoof2019_LA_train/flac/LA_T_5415449.flac,LA,LA_0095,A04,spoof,spoof,train,data/subset_raw/LA_train_LA_T_5415449.flac
data/raw/LA/LA/ASVspoof2019_LA_train/flac/LA_T_2084488.flac,LA,LA_0085,A03,spoof,spoof,train,data/subset_raw/LA_train_LA_T_2084488.flac
data/raw/LA/LA/ASVspoof2019_LA_train/flac/LA_T_2618857.flac,LA,LA_0093,A03,spoof,spoof,test,data/subset_raw/LA_test_LA_T_2618857.flac
data/raw/LA/LA/ASVspoof2019_LA_train/flac/LA_T_6749249.flac,LA,LA_0084,A06,spoof,spoof,train,data/subset_raw/LA_train_LA_T_6749249.flac
data/raw/LA/LA/ASVspoof2019_LA_train/flac/LA_T_3652205.flac,LA,LA_0095,A02,spoof,spoof,train,data/subset_raw/LA_train_LA_T_3652205.flac
data/raw/LA/LA/ASVspoof2019_LA_train/flac/LA_T_2977629.flac,LA,LA_0085,A01,spoof,spoof,train,data/subset_raw/LA_train_LA_T_2977629.flac
data/raw/LA/LA/ASVspoof2019_LA_train/flac/LA_T_2582329.flac,LA,LA_0084,A04,spoof,spoof,train,data/subset_raw/LA_train_LA_T_2582329.flac
data/raw/LA/LA/ASVspoof2019_LA_train/flac/LA_T_4880191.flac,LA,LA_0095,A01,spoof,spoof,train,data/subset_raw/LA_train_LA_T_4880191.flac
data/raw/LA/LA/ASVspoof2019_LA_train/flac/LA_T_9017192.flac,LA,LA_0090,A04,spoof,spoof,train,data/subset_raw/LA_train_LA_T_9017192.flac
data/raw/LA/LA/ASVspoof2019_LA_train/flac/LA_T_6834916.flac,LA,LA_0088,A01,spoof,spoof,train,data/subset_raw/LA_train_LA_T_6834916.flac
data/raw/LA/LA/ASVspoof2019_LA_train/flac/LA_T_9754738.flac,LA,LA_0098,A02,spoof,spoof,train,data/subset_raw/LA_train_LA_T_9754738.flac
data/raw/LA/LA/ASVspoof2019_LA_train/flac/LA_T_2307363.flac,LA,LA_0092,A04,spoof,spoof,train,data/subset_raw/LA_train_LA_T_2307363.flac
data/raw/LA/LA/ASVspoof2019_LA_train/flac/LA_T_5832521.flac,LA,LA_0093,A01,spoof,spoof,test,data/subset_raw/LA_test_LA_T_5832521.flac
data/raw/LA/LA/ASVspoof2019_LA_train/flac/LA_T_6051675.flac,LA,LA_0086,A06,spoof,spoof,test,data/subset_raw/LA_test_LA_T_6051675.flac
data/raw/PA/PA/ASVspoof2019_PA_train/flac/PA_T_0002477.flac,PA,PA_0086,-,bonafide,bonafide,train,data/subset_raw/PA_train_PA_T_0002477.flac
data/raw/PA/PA/ASVspoof2019_PA_train/flac/PA_T_0001048.flac,PA,PA_0083,-,bonafide,bonafide,train,data/subset_raw/PA_train_PA_T_0001048.flac
data/raw/PA/PA/ASVspoof2019_PA_train/flac/PA_T_0003165.flac,PA,PA_0095,-,bonafide,bonafide,train,data/subset_raw/PA_train_PA_T_0003165.flac
data/raw/PA/PA/ASVspoof2019_PA_train/flac/PA_T_0002373.flac,PA,PA_0096,-,bonafide,bonafide,train,data/subset_raw/PA_train_PA_T_0002373.flac
data/raw/PA/PA/ASVspoof2019_PA_train/flac/PA_T_0002108.flac,PA,PA_0089,-,bonafide,bonafide,train,data/subset_raw/PA_train_PA_T_0002108.flac
data/raw/PA/PA/ASVspoof2019_PA_train/flac/PA_T_0001504.flac,PA,PA_0089,-,bonafide,bonafide,train,data/subset_raw/PA_train_PA_T_0001504.flac
data/raw/PA/PA/ASVspoof2019_PA_train/flac/PA_T_0004520.flac,PA,PA_0090,-,bonafide,bonafide,train,data/subset_raw/PA_train_PA_T_0004520.flac
data/raw/PA/PA/ASVspoof2019_PA_train/flac/PA_T_0001346.flac,PA,PA_0093,-,bonafide,bonafide,train,data/subset_raw/PA_train_PA_T_0001346.flac
data/raw/PA/PA/ASVspoof2019_PA_train/flac/PA_T_0001221.flac,PA,PA_0081,-,bonafide,bonafide,val,data/subset_raw/PA_val_PA_T_0001221.flac
data/raw/PA/PA/ASVspoof2019_PA_train/flac/PA_T_0001823.flac,PA,PA_0081,-,bonafide,bonafide,val,data/subset_raw/PA_val_PA_T_0001823.flac
data/raw/PA/PA/ASVspoof2019_PA_train/flac/PA_T_0002863.flac,PA,PA_0085,-,bonafide,bonafide,train,data/subset_raw/PA_train_PA_T_0002863.flac
data/raw/PA/PA/ASVspoof2019_PA_train/flac/PA_T_0002536.flac,PA,PA_0092,-,bonafide,bonafide,train,data/subset_raw/PA_train_PA_T_0002536.flac
data/raw/PA/PA/ASVspoof2019_PA_train/flac/PA_T_0000034.flac,PA,PA_0082,-,bonafide,bonafide,val,data/subset_raw/PA_val_PA_T_0000034.flac
data/raw/PA/PA/ASVspoof2019_PA_train/flac/PA_T_0003502.flac,PA,PA_0089,-,bonafide,bonafide,train,data/subset_raw/PA_train_PA_T_0003502.flac
data/raw/PA/PA/ASVspoof2019_PA_train/flac/PA_T_0002681.flac,PA,PA_0087,-,bonafide,bonafide,test,data/subset_raw/PA_test_PA_T_0002681.flac
data/raw/PA/PA/ASVspoof2019_PA_train/flac/PA_T_0002883.flac,PA,PA_0087,-,bonafide,bonafide,test,data/subset_raw/PA_test_PA_T_0002883.flac
data/raw/PA/PA/ASVspoof2019_PA_train/flac/PA_T_0000777.flac,PA,PA_0096,-,bonafide,bonafide,train,data/subset_raw/PA_train_PA_T_0000777.flac
data/raw/PA/PA/ASVspoof2019_PA_train/flac/PA_T_0001514.flac,PA,PA_0090,-,bonafide,bonafide,train,data/subset_raw/PA_train_PA_T_0001514.flac
data/raw/PA/PA/ASVspoof2019_PA_train/flac/PA_T_0002823.flac,PA,PA_0081,-,bonafide,bonafide,val,data/subset_raw/PA_val_PA_T_0002823.flac
data/raw/PA/PA/ASVspoof2019_PA_train/flac/PA_T_0002466.flac,PA,PA_0085,-,bonafide,bonafide,train,data/subset_raw/PA_train_PA_T_0002466.flac
data/raw/PA/PA/ASVspoof2019_PA_train/flac/PA_T_0002743.flac,PA,PA_0093,-,bonafide,bonafide,train,data/subset_raw/PA_train_PA_T_0002743.flac
data/raw/PA/PA/ASVspoof2019_PA_train/flac/PA_T_0002064.flac,PA,PA_0085,-,bonafide,bonafide,train,data/subset_raw/PA_train_PA_T_0002064.flac
data/raw/PA/PA/ASVspoof2019_PA_train/flac/PA_T_0003138.flac,PA,PA_0092,-,bonafide,bonafide,train,data/subset_raw/PA_train_PA_T_0003138.flac
data/raw/PA/PA/ASVspoof2019_PA_train/flac/PA_T_0002803.flac,PA,PA_0079,-,bonafide,bonafide,test,data/subset_raw/PA_test_PA_T_0002803.flac
data/raw/PA/PA/ASVspoof2019_PA_train/flac/PA_T_0003816.flac,PA,PA_0080,-,bonafide,bonafide,train,data/subset_raw/PA_train_PA_T_0003816.flac
data/raw/PA/PA/ASVspoof2019_PA_train/flac/PA_T_0001540.flac,PA,PA_0092,-,bonafide,bonafide,train,data/subset_raw/PA_train_PA_T_0001540.flac
data/raw/PA/PA/ASVspoof2019_PA_train/flac/PA_T_0000085.flac,PA,PA_0087,-,bonafide,bonafide,test,data/subset_raw/PA_test_PA_T_0000085.flac
data/raw/PA/PA/ASVspoof2019_PA_train/flac/PA_T_0005003.flac,PA,PA_0079,-,bonafide,bonafide,test,data/subset_raw/PA_test_PA_T_0005003.flac
data/raw/PA/PA/ASVspoof2019_PA_train/flac/PA_T_0003263.flac,PA,PA_0085,-,bonafide,bonafide,train,data/subset_raw/PA_train_PA_T_0003263.flac
data/raw/PA/PA/ASVspoof2019_PA_train/flac/PA_T_0005020.flac,PA,PA_0080,-,bonafide,bonafide,train,data/subset_raw/PA_train_PA_T_0005020.flac
data/raw/PA/PA/ASVspoof2019_PA_train/flac/PA_T_0004487.flac,PA,PA_0087,-,bonafide,bonafide,test,data/subset_raw/PA_test_PA_T_0004487.flac
data/raw/PA/PA/ASVspoof2019_PA_train/flac/PA_T_0003251.flac,PA,PA_0084,-,bonafide,bonafide,train,data/subset_raw/PA_train_PA_T_0003251.flac
data/raw/PA/PA/ASVspoof2019_PA_train/flac/PA_T_0002246.flac,PA,PA_0083,-,bonafide,bonafide,train,data/subset_raw/PA_train_PA_T_0002246.flac
data/raw/PA/PA/ASVspoof2019_PA_train/flac/PA_T_0004714.flac,PA,PA_0090,-,bonafide,bonafide,train,data/subset_raw/PA_train_PA_T_0004714.flac
data/raw/PA/PA/ASVspoof2019_PA_train/flac/PA_T_0001908.flac,PA,PA_0089,-,bonafide,bonafide,train,data/subset_raw/PA_train_PA_T_0001908.flac
data/raw/PA/PA/ASVspoof2019_PA_train/flac/PA_T_0003244.flac,PA,PA_0083,-,bonafide,bonafide,train,data/subset_raw/PA_train_PA_T_0003244.flac
data/raw/PA/PA/ASVspoof2019_PA_train/flac/PA_T_0005032.flac,PA,PA_0082,-,bonafide,bonafide,val,data/subset_raw/PA_val_PA_T_0005032.flac
data/raw/PA/PA/ASVspoof2019_PA_train/flac/PA_T_0005370.flac,PA,PA_0095,-,bonafide,bonafide,train,data/subset_raw/PA_train_PA_T_0005370.flac
data/raw/PA/PA/ASVspoof2019_PA_train/flac/PA_T_0001731.flac,PA,PA_0092,-,bonafide,bonafide,train,data/subset_raw/PA_train_PA_T_0001731.flac
data/raw/PA/PA/ASVspoof2019_PA_train/flac/PA_T_0000009.flac,PA,PA_0079,-,bonafide,bonafide,test,data/subset_raw/PA_test_PA_T_0000009.flac
data/raw/PA/PA/ASVspoof2019_PA_train/flac/PA_T_0001545.flac,PA,PA_0093,-,bonafide,bonafide,train,data/subset_raw/PA_train_PA_T_0001545.flac
data/raw/PA/PA/ASVspoof2019_PA_train/flac/PA_T_0005319.flac,PA,PA_0090,-,bonafide,bonafide,train,data/subset_raw/PA_train_PA_T_0005319.flac
data/raw/PA/PA/ASVspoof2019_PA_train/flac/PA_T_0004845.flac,PA,PA_0083,-,bonafide,bonafide,train,data/subset_raw/PA_train_PA_T_0004845.flac
data/raw/PA/PA/ASVspoof2019_PA_train/flac/PA_T_0000997.flac,PA,PA_0098,-,bonafide,bonafide,train,data/subset_raw/PA_train_PA_T_0000997.flac
data/raw/PA/PA/ASVspoof2019_PA_train/flac/PA_T_0001394.flac,PA,PA_0098,-,bonafide,bonafide,train,data/subset_raw/PA_train_PA_T_0001394.flac
data/raw/PA/PA/ASVspoof2019_PA_train/flac/PA_T_0003494.flac,PA,PA_0088,-,bonafide,bonafide,train,data/subset_raw/PA_train_PA_T_0003494.flac
data/raw/PA/PA/ASVspoof2019_PA_train/flac/PA_T_0000382.flac,PA,PA_0097,-,bonafide,bonafide,test,data/subset_raw/PA_test_PA_T_0000382.flac
data/raw/PA/PA/ASVspoof2019_PA_train/flac/PA_T_0004786.flac,PA,PA_0097,-,bonafide,bonafide,test,data/subset_raw/PA_test_PA_T_0004786.flac
data/raw/PA/PA/ASVspoof2019_PA_train/flac/PA_T_0003711.flac,PA,PA_0090,-,bonafide,bonafide,train,data/subset_raw/PA_train_PA_T_0003711.flac
data/raw/PA/PA/ASVspoof2019_PA_train/flac/PA_T_0002437.flac,PA,PA_0082,-,bonafide,bonafide,val,data/subset_raw/PA_val_PA_T_0002437.flac
data/raw/PA/PA/ASVspoof2019_PA_train/flac/PA_T_0001050.flac,PA,PA_0083,-,bonafide,bonafide,train,data/subset_raw/PA_train_PA_T_0001050.flac
data/raw/PA/PA/ASVspoof2019_PA_train/flac/PA_T_0003410.flac,PA,PA_0079,-,bonafide,bonafide,test,data/subset_raw/PA_test_PA_T_0003410.flac
data/raw/PA/PA/ASVspoof2019_PA_train/flac/PA_T_0002105.flac,PA,PA_0089,-,bonafide,bonafide,train,data/subset_raw/PA_train_PA_T_0002105.flac
data/raw/PA/PA/ASVspoof2019_PA_train/flac/PA_T_0001783.flac,PA,PA_0097,-,bonafide,bonafide,test,data/subset_raw/PA_test_PA_T_0001783.flac
data/raw/PA/PA/ASVspoof2019_PA_train/flac/PA_T_0003122.flac,PA,PA_0091,-,bonafide,bonafide,val,data/subset_raw/PA_val_PA_T_0003122.flac
data/raw/PA/PA/ASVspoof2019_PA_train/flac/PA_T_0004613.flac,PA,PA_0080,-,bonafide,bonafide,train,data/subset_raw/PA_train_PA_T_0004613.flac
data/raw/PA/PA/ASVspoof2019_PA_train/flac/PA_T_0002703.flac,PA,PA_0089,-,bonafide,bonafide,train,data/subset_raw/PA_train_PA_T_0002703.flac
data/raw/PA/PA/ASVspoof2019_PA_train/flac/PA_T_0004389.flac,PA,PA_0097,-,bonafide,bonafide,test,data/subset_raw/PA_test_PA_T_0004389.flac
data/raw/PA/PA/ASVspoof2019_PA_train/flac/PA_T_0001895.flac,PA,PA_0088,-,bonafide,bonafide,train,data/subset_raw/PA_train_PA_T_0001895.flac
data/raw/PA/PA/ASVspoof2019_PA_train/flac/PA_T_0004862.flac,PA,PA_0085,-,bonafide,bonafide,train,data/subset_raw/PA_train_PA_T_0004862.flac
data/raw/PA/PA/ASVspoof2019_PA_train/flac/PA_T_0001398.flac,PA,PA_0098,-,bonafide,bonafide,train,data/subset_raw/PA_train_PA_T_0001398.flac
data/raw/PA/PA/ASVspoof2019_PA_train/flac/PA_T_0003258.flac,PA,PA_0084,-,bonafide,bonafide,train,data/subset_raw/PA_train_PA_T_0003258.flac
data/raw/PA/PA/ASVspoof2019_PA_train/flac/PA_T_0004400.flac,PA,PA_0098,-,bonafide,bonafide,train,data/subset_raw/PA_train_PA_T_0004400.flac
data/raw/PA/PA/ASVspoof2019_PA_train/flac/PA_T_0003291.flac,PA,PA_0088,-,bonafide,bonafide,train,data/subset_raw/PA_train_PA_T_0003291.flac
data/raw/PA/PA/ASVspoof2019_PA_train/flac/PA_T_0003471.flac,PA,PA_0086,-,bonafide,bonafide,train,data/subset_raw/PA_train_PA_T_0003471.flac
data/raw/PA/PA/ASVspoof2019_PA_train/flac/PA_T_0001879.flac,PA,PA_0086,-,bonafide,bonafide,train,data/subset_raw/PA_train_PA_T_0001879.flac
data/raw/PA/PA/ASVspoof2019_PA_train/flac/PA_T_0004567.flac,PA,PA_0095,-,bonafide,bonafide,train,data/subset_raw/PA_train_PA_T_0004567.flac
data/raw/PA/PA/ASVspoof2019_PA_train/flac/PA_T_0000506.flac,PA,PA_0089,-,bonafide,bonafide,train,data/subset_raw/PA_train_PA_T_0000506.flac
data/raw/PA/PA/ASVspoof2019_PA_train/flac/PA_T_0000839.flac,PA,PA_0082,-,bonafide,bonafide,val,data/subset_raw/PA_val_PA_T_0000839.flac
data/raw/PA/PA/ASVspoof2019_PA_train/flac/PA_T_0000133.flac,PA,PA_0092,-,bonafide,bonafide,train,data/subset_raw/PA_train_PA_T_0000133.flac
data/raw/PA/PA/ASVspoof2019_PA_train/flac/PA_T_0002645.flac,PA,PA_0083,-,bonafide,bonafide,train,data/subset_raw/PA_train_PA_T_0002645.flac
data/raw/PA/PA/ASVspoof2019_PA_train/flac/PA_T_0001601.flac,PA,PA_0079,-,bonafide,bonafide,test,data/subset_raw/PA_test_PA_T_0001601.flac
data/raw/PA/PA/ASVspoof2019_PA_train/flac/PA_T_0000280.flac,PA,PA_0086,-,bonafide,bonafide,train,data/subset_raw/PA_train_PA_T_0000280.flac
data/raw/PA/PA/ASVspoof2019_PA_train/flac/PA_T_0000857.flac,PA,PA_0084,-,bonafide,bonafide,train,data/subset_raw/PA_train_PA_T_0000857.flac
data/raw/PA/PA/ASVspoof2019_PA_train/flac/PA_T_0000945.flac,PA,PA_0093,-,bonafide,bonafide,train,data/subset_raw/PA_train_PA_T_0000945.flac
data/raw/PA/PA/ASVspoof2019_PA_train/flac/PA_T_0003254.flac,PA,PA_0084,-,bonafide,bonafide,train,data/subset_raw/PA_train_PA_T_0003254.flac
data/raw/PA/PA/ASVspoof2019_PA_train/flac/PA_T_0002982.flac,PA,PA_0097,-,bonafide,bonafide,test,data/subset_raw/PA_test_PA_T_0002982.flac
data/raw/PA/PA/ASVspoof2019_PA_train/flac/PA_T_0001096.flac,PA,PA_0088,-,bonafide,bonafide,train,data/subset_raw/PA_train_PA_T_0001096.flac
data/raw/PA/PA/ASVspoof2019_PA_train/flac/PA_T_0002997.flac,PA,PA_0098,-,bonafide,bonafide,train,data/subset_raw/PA_train_PA_T_0002997.flac
data/raw/PA/PA/ASVspoof2019_PA_train/flac/PA_T_0001704.flac,PA,PA_0089,-,bonafide,bonafide,train,data/subset_raw/PA_train_PA_T_0001704.flac
data/raw/PA/PA/ASVspoof2019_PA_train/flac/PA_T_0001617.flac,PA,PA_0080,-,bonafide,bonafide,train,data/subset_raw/PA_train_PA_T_0001617.flac
data/raw/PA/PA/ASVspoof2019_PA_train/flac/PA_T_0001095.flac,PA,PA_0088,-,bonafide,bonafide,train,data/subset_raw/PA_train_PA_T_0001095.flac
data/raw/PA/PA/ASVspoof2019_PA_train/flac/PA_T_0000249.flac,PA,PA_0083,-,bonafide,bonafide,train,data/subset_raw/PA_train_PA_T_0000249.flac
data/raw/PA/PA/ASVspoof2019_PA_train/flac/PA_T_0003772.flac,PA,PA_0096,-,bonafide,bonafide,train,data/subset_raw/PA_train_PA_T_0003772.flac
data/raw/PA/PA/ASVspoof2019_PA_train/flac/PA_T_0001878.flac,PA,PA_0086,-,bonafide,bonafide,train,data/subset_raw/PA_train_PA_T_0001878.flac
data/raw/PA/PA/ASVspoof2019_PA_train/flac/PA_T_0002312.flac,PA,PA_0090,-,bonafide,bonafide,train,data/subset_raw/PA_train_PA_T_0002312.flac
data/raw/PA/PA/ASVspoof2019_PA_train/flac/PA_T_0005013.flac,PA,PA_0080,-,bonafide,bonafide,train,data/subset_raw/PA_train_PA_T_0005013.flac
data/raw/PA/PA/ASVspoof2019_PA_train/flac/PA_T_0003667.flac,PA,PA_0085,-,bonafide,bonafide,train,data/subset_raw/PA_train_PA_T_0003667.flac
data/raw/PA/PA/ASVspoof2019_PA_train/flac/PA_T_0003218.flac,PA,PA_0080,-,bonafide,bonafide,train,data/subset_raw/PA_train_PA_T_0003218.flac
data/raw/PA/PA/ASVspoof2019_PA_train/flac/PA_T_0003316.flac,PA,PA_0090,-,bonafide,bonafide,train,data/subset_raw/PA_train_PA_T_0003316.flac
data/raw/PA/PA/ASVspoof2019_PA_train/flac/PA_T_0004747.flac,PA,PA_0093,-,bonafide,bonafide,train,data/subset_raw/PA_train_PA_T_0004747.flac
data/raw/PA/PA/ASVspoof2019_PA_train/flac/PA_T_0003476.flac,PA,PA_0086,-,bonafide,bonafide,train,data/subset_raw/PA_train_PA_T_0003476.flac
data/raw/PA/PA/ASVspoof2019_PA_train/flac/PA_T_0005300.flac,PA,PA_0088,-,bonafide,bonafide,train,data/subset_raw/PA_train_PA_T_0005300.flac
data/raw/PA/PA/ASVspoof2019_PA_train/flac/PA_T_0003048.flac,PA,PA_0083,-,bonafide,bonafide,train,data/subset_raw/PA_train_PA_T_0003048.flac
data/raw/PA/PA/ASVspoof2019_PA_train/flac/PA_T_0005303.flac,PA,PA_0089,-,bonafide,bonafide,train,data/subset_raw/PA_train_PA_T_0005303.flac
data/raw/PA/PA/ASVspoof2019_PA_train/flac/PA_T_0000024.flac,PA,PA_0081,-,bonafide,bonafide,val,data/subset_raw/PA_val_PA_T_0000024.flac
data/raw/PA/PA/ASVspoof2019_PA_train/flac/PA_T_0000417.flac,PA,PA_0080,-,bonafide,bonafide,train,data/subset_raw/PA_train_PA_T_0000417.flac
data/raw/PA/PA/ASVspoof2019_PA_train/flac/PA_T_0002587.flac,PA,PA_0097,-,bonafide,bonafide,test,data/subset_raw/PA_test_PA_T_0002587.flac
data/raw/PA/PA/ASVspoof2019_PA_train/flac/PA_T_0000241.flac,PA,PA_0083,-,bonafide,bonafide,train,data/subset_raw/PA_train_PA_T_0000241.flac
data/raw/PA/PA/ASVspoof2019_PA_train/flac/PA_T_0003976.flac,PA,PA_0096,-,bonafide,bonafide,train,data/subset_raw/PA_train_PA_T_0003976.flac
data/raw/PA/PA/ASVspoof2019_PA_train/flac/PA_T_0001118.flac,PA,PA_0090,-,bonafide,bonafide,train,data/subset_raw/PA_train_PA_T_0001118.flac
data/raw/PA/PA/ASVspoof2019_PA_train/flac/PA_T_0003608.flac,PA,PA_0079,-,bonafide,bonafide,test,data/subset_raw/PA_test_PA_T_0003608.flac
data/raw/PA/PA/ASVspoof2019_PA_train/flac/PA_T_0004246.flac,PA,PA_0083,-,bonafide,bonafide,train,data/subset_raw/PA_train_PA_T_0004246.flac
data/raw/PA/PA/ASVspoof2019_PA_train/flac/PA_T_0004255.flac,PA,PA_0084,-,bonafide,bonafide,train,data/subset_raw/PA_train_PA_T_0004255.flac
data/raw/PA/PA/ASVspoof2019_PA_train/flac/PA_T_0004589.flac,PA,PA_0097,-,bonafide,bonafide,test,data/subset_raw/PA_test_PA_T_0004589.flac
data/raw/PA/PA/ASVspoof2019_PA_train/flac/PA_T_0002926.flac,PA,PA_0091,-,bonafide,bonafide,val,data/subset_raw/PA_val_PA_T_0002926.flac
data/raw/PA/PA/ASVspoof2019_PA_train/flac/PA_T_0000016.flac,PA,PA_0080,-,bonafide,bonafide,train,data/subset_raw/PA_train_PA_T_0000016.flac
data/raw/PA/PA/ASVspoof2019_PA_train/flac/PA_T_0004956.flac,PA,PA_0094,-,bonafide,bonafide,val,data/subset_raw/PA_val_PA_T_0004956.flac
data/raw/PA/PA/ASVspoof2019_PA_train/flac/PA_T_0000080.flac,PA,PA_0086,-,bonafide,bonafide,train,data/subset_raw/PA_train_PA_T_0000080.flac
data/raw/PA/PA/ASVspoof2019_PA_train/flac/PA_T_0004129.flac,PA,PA_0091,-,bonafide,bonafide,val,data/subset_raw/PA_val_PA_T_0004129.flac
data/raw/PA/PA/ASVspoof2019_PA_train/flac/PA_T_0000766.flac,PA,PA_0095,-,bonafide,bonafide,train,data/subset_raw/PA_train_PA_T_0000766.flac
data/raw/PA/PA/ASVspoof2019_PA_train/flac/PA_T_0004721.flac,PA,PA_0091,-,bonafide,bonafide,val,data/subset_raw/PA_val_PA_T_0004721.flac
data/raw/PA/PA/ASVspoof2019_PA_train/flac/PA_T_0001880.flac,PA,PA_0086,-,bonafide,bonafide,train,data/subset_raw/PA_train_PA_T_0001880.flac
data/raw/PA/PA/ASVspoof2019_PA_train/flac/PA_T_0000297.flac,PA,PA_0088,-,bonafide,bonafide,train,data/subset_raw/PA_train_PA_T_0000297.flac
data/raw/PA/PA/ASVspoof2019_PA_train/flac/PA_T_0003008.flac,PA,PA_0079,-,bonafide,bonafide,test,data/subset_raw/PA_test_PA_T_0003008.flac
data/raw/PA/PA/ASVspoof2019_PA_train/flac/PA_T_0000316.flac,PA,PA_0090,-,bonafide,bonafide,train,data/subset_raw/PA_train_PA_T_0000316.flac
data/raw/PA/PA/ASVspoof2019_PA_train/flac/PA_T_0003987.flac,PA,PA_0097,-,bonafide,bonafide,test,data/subset_raw/PA_test_PA_T_0003987.flac
data/raw/PA/PA/ASVspoof2019_PA_train/flac/PA_T_0001189.flac,PA,PA_0097,-,bonafide,bonafide,test,data/subset_raw/PA_test_PA_T_0001189.flac
data/raw/PA/PA/ASVspoof2019_PA_train/flac/PA_T_0001733.flac,PA,PA_0092,-,bonafide,bonafide,train,data/subset_raw/PA_train_PA_T_0001733.flac
data/raw/PA/PA/ASVspoof2019_PA_train/flac/PA_T_0000298.flac,PA,PA_0088,-,bonafide,bonafide,train,data/subset_raw/PA_train_PA_T_0000298.flac
data/raw/PA/PA/ASVspoof2019_PA_train/flac/PA_T_0000578.flac,PA,PA_0096,-,bonafide,bonafide,train,data/subset_raw/PA_train_PA_T_0000578.flac
data/raw/PA/PA/ASVspoof2019_PA_train/flac/PA_T_0000473.flac,PA,PA_0086,-,bonafide,bonafide,train,data/subset_raw/PA_train_PA_T_0000473.flac
data/raw/PA/PA/ASVspoof2019_PA_train/flac/PA_T_0001667.flac,PA,PA_0085,-,bonafide,bonafide,train,data/subset_raw/PA_train_PA_T_0001667.flac
data/raw/PA/PA/ASVspoof2019_PA_train/flac/PA_T_0004509.flac,PA,PA_0089,-,bonafide,bonafide,train,data/subset_raw/PA_train_PA_T_0004509.flac
data/raw/PA/PA/ASVspoof2019_PA_train/flac/PA_T_0003769.flac,PA,PA_0095,-,bonafide,bonafide,train,data/subset_raw/PA_train_PA_T_0003769.flac
data/raw/PA/PA/ASVspoof2019_PA_train/flac/PA_T_0000469.flac,PA,PA_0085,-,bonafide,bonafide,train,data/subset_raw/PA_train_PA_T_0000469.flac
data/raw/PA/PA/ASVspoof2019_PA_train/flac/PA_T_0004661.flac,PA,PA_0085,-,bonafide,bonafide,train,data/subset_raw/PA_train_PA_T_0004661.flac
data/raw/PA/PA/ASVspoof2019_PA_train/flac/PA_T_0004025.flac,PA,PA_0081,-,bonafide,bonafide,val,data/subset_raw/PA_val_PA_T_0004025.flac
data/raw/PA/PA/ASVspoof2019_PA_train/flac/PA_T_0001729.flac,PA,PA_0091,-,bonafide,bonafide,val,data/subset_raw/PA_val_PA_T_0001729.flac
data/raw/PA/PA/ASVspoof2019_PA_train/flac/PA_T_0004819.flac,PA,PA_0080,-,bonafide,bonafide,train,data/subset_raw/PA_train_PA_T_0004819.flac
data/raw/PA/PA/ASVspoof2019_PA_train/flac/PA_T_0003439.flac,PA,PA_0082,-,bonafide,bonafide,val,data/subset_raw/PA_val_PA_T_0003439.flac
data/raw/PA/PA/ASVspoof2019_PA_train/flac/PA_T_0004959.flac,PA,PA_0094,-,bonafide,bonafide,val,data/subset_raw/PA_val_PA_T_0004959.flac
data/raw/PA/PA/ASVspoof2019_PA_train/flac/PA_T_0001323.flac,PA,PA_0091,-,bonafide,bonafide,val,data/subset_raw/PA_val_PA_T_0001323.flac
data/raw/PA/PA/ASVspoof2019_PA_train/flac/PA_T_0004861.flac,PA,PA_0085,-,bonafide,bonafide,train,data/subset_raw/PA_train_PA_T_0004861.flac
data/raw/PA/PA/ASVspoof2019_PA_train/flac/PA_T_0000168.flac,PA,PA_0095,-,bonafide,bonafide,train,data/subset_raw/PA_train_PA_T_0000168.flac
data/raw/PA/PA/ASVspoof2019_PA_train/flac/PA_T_0002276.flac,PA,PA_0086,-,bonafide,bonafide,train,data/subset_raw/PA_train_PA_T_0002276.flac
data/raw/PA/PA/ASVspoof2019_PA_train/flac/PA_T_0000706.flac,PA,PA_0089,-,bonafide,bonafide,train,data/subset_raw/PA_train_PA_T_0000706.flac
data/raw/PA/PA/ASVspoof2019_PA_train/flac/PA_T_0005150.flac,PA,PA_0093,-,bonafide,bonafide,train,data/subset_raw/PA_train_PA_T_0005150.flac
data/raw/PA/PA/ASVspoof2019_PA_train/flac/PA_T_0001892.flac,PA,PA_0088,-,bonafide,bonafide,train,data/subset_raw/PA_train_PA_T_0001892.flac
data/raw/PA/PA/ASVspoof2019_PA_train/flac/PA_T_0000912.flac,PA,PA_0090,-,bonafide,bonafide,train,data/subset_raw/PA_train_PA_T_0000912.flac
data/raw/PA/PA/ASVspoof2019_PA_train/flac/PA_T_0001631.flac,PA,PA_0082,-,bonafide,bonafide,val,data/subset_raw/PA_val_PA_T_0001631.flac
data/raw/PA/PA/ASVspoof2019_PA_train/flac/PA_T_0003448.flac,PA,PA_0083,-,bonafide,bonafide,train,data/subset_raw/PA_train_PA_T_0003448.flac
data/raw/PA/PA/ASVspoof2019_PA_train/flac/PA_T_0004167.flac,PA,PA_0095,-,bonafide,bonafide,train,data/subset_raw/PA_train_PA_T_0004167.flac
data/raw/PA/PA/ASVspoof2019_PA_train/flac/PA_T_0003947.flac,PA,PA_0093,-,bonafide,bonafide,train,data/subset_raw/PA_train_PA_T_0003947.flac
data/raw/PA/PA/ASVspoof2019_PA_train/flac/PA_T_0001521.flac,PA,PA_0091,-,bonafide,bonafide,val,data/subset_raw/PA_val_PA_T_0001521.flac
data/raw/PA/PA/ASVspoof2019_PA_train/flac/PA_T_0003312.flac,PA,PA_0090,-,bonafide,bonafide,train,data/subset_raw/PA_train_PA_T_0003312.flac
data/raw/PA/PA/ASVspoof2019_PA_train/flac/PA_T_0003948.flac,PA,PA_0093,-,bonafide,bonafide,train,data/subset_raw/PA_train_PA_T_0003948.flac
data/raw/PA/PA/ASVspoof2019_PA_train/flac/PA_T_0004924.flac,PA,PA_0091,-,bonafide,bonafide,val,data/subset_raw/PA_val_PA_T_0004924.flac
data/raw/PA/PA/ASVspoof2019_PA_train/flac/PA_T_0003820.flac,PA,PA_0080,-,bonafide,bonafide,train,data/subset_raw/PA_train_PA_T_0003820.flac
data/raw/PA/PA/ASVspoof2019_PA_train/flac/PA_T_0003940.flac,PA,PA_0092,-,bonafide,bonafide,train,data/subset_raw/PA_train_PA_T_0003940.flac
data/raw/PA/PA/ASVspoof2019_PA_train/flac/PA_T_0041647.flac,PA,PA_0082,AC,spoof,spoof,val,data/subset_raw/PA_val_PA_T_0041647.flac
data/raw/PA/PA/ASVspoof2019_PA_train/flac/PA_T_0017667.flac,PA,PA_0082,BC,spoof,spoof,val,data/subset_raw/PA_val_PA_T_0017667.flac
data/raw/PA/PA/ASVspoof2019_PA_train/flac/PA_T_0051297.flac,PA,PA_0079,BB,spoof,spoof,test,data/subset_raw/PA_test_PA_T_0051297.flac
data/raw/PA/PA/ASVspoof2019_PA_train/flac/PA_T_0046332.flac,PA,PA_0085,CA,spoof,spoof,train,data/subset_raw/PA_train_PA_T_0046332.flac
data/raw/PA/PA/ASVspoof2019_PA_train/flac/PA_T_0053351.flac,PA,PA_0091,CA,spoof,spoof,val,data/subset_raw/PA_val_PA_T_0053351.flac
data/raw/PA/PA/ASVspoof2019_PA_train/flac/PA_T_0005405.flac,PA,PA_0079,AA,spoof,spoof,test,data/subset_raw/PA_test_PA_T_0005405.flac
data/raw/PA/PA/ASVspoof2019_PA_train/flac/PA_T_0050047.flac,PA,PA_0098,CA,spoof,spoof,train,data/subset_raw/PA_train_PA_T_0050047.flac
data/raw/PA/PA/ASVspoof2019_PA_train/flac/PA_T_0011930.flac,PA,PA_0094,AC,spoof,spoof,val,data/subset_raw/PA_val_PA_T_0011930.flac
data/raw/PA/PA/ASVspoof2019_PA_train/flac/PA_T_0008803.flac,PA,PA_0089,CB,spoof,spoof,train,data/subset_raw/PA_train_PA_T_0008803.flac
data/raw/PA/PA/ASVspoof2019_PA_train/flac/PA_T_0037711.flac,PA,PA_0093,CC,spoof,spoof,train,data/subset_raw/PA_train_PA_T_0037711.flac
data/raw/PA/PA/ASVspoof2019_PA_train/flac/PA_T_0005548.flac,PA,PA_0086,AA,spoof,spoof,train,data/subset_raw/PA_train_PA_T_0005548.flac
data/raw/PA/PA/ASVspoof2019_PA_train/flac/PA_T_0037438.flac,PA,PA_0095,CB,spoof,spoof,train,data/subset_raw/PA_train_PA_T_0037438.flac
data/raw/PA/PA/ASVspoof2019_PA_train/flac/PA_T_0048373.flac,PA,PA_0081,CC,spoof,spoof,val,data/subset_raw/PA_val_PA_T_0048373.flac
data/raw/PA/PA/ASVspoof2019_PA_train/flac/PA_T_0034898.flac,PA,PA_0091,AC,spoof,spoof,val,data/subset_raw/PA_val_PA_T_0034898.flac
data/raw/PA/PA/ASVspoof2019_PA_train/flac/PA_T_0021773.flac,PA,PA_0087,AA,spoof,spoof,test,data/subset_raw/PA_test_PA_T_0021773.flac
data/raw/PA/PA/ASVspoof2019_PA_train/flac/PA_T_0048949.flac,PA,PA_0096,AA,spoof,spoof,train,data/subset_raw/PA_train_PA_T_0048949.flac
data/raw/PA/PA/ASVspoof2019_PA_train/flac/PA_T_0005866.flac,PA,PA_0082,AB,spoof,spoof,val,data/subset_raw/PA_val_PA_T_0005866.flac
data/raw/PA/PA/ASVspoof2019_PA_train/flac/PA_T_0019912.flac,PA,PA_0082,AB,spoof,spoof,val,data/subset_raw/PA_val_PA_T_0019912.flac
data/raw/PA/PA/ASVspoof2019_PA_train/flac/PA_T_0025804.flac,PA,PA_0080,BB,spoof,spoof,train,data/subset_raw/PA_train_PA_T_0025804.flac
data/raw/PA/PA/ASVspoof2019_PA_train/flac/PA_T_0042856.flac,PA,PA_0091,CB,spoof,spoof,val,data/subset_raw/PA_val_PA_T_0042856.flac
data/raw/PA/PA/ASVspoof2019_PA_train/flac/PA_T_0041073.flac,PA,PA_0082,CB,spoof,spoof,val,data/subset_raw/PA_val_PA_T_0041073.flac
data/raw/PA/PA/ASVspoof2019_PA_train/flac/PA_T_0017658.flac,PA,PA_0081,BC,spoof,spoof,val,data/subset_raw/PA_val_PA_T_0017658.flac
data/raw/PA/PA/ASVspoof2019_PA_train/flac/PA_T_0016508.flac,PA,PA_0094,AA,spoof,spoof,val,data/subset_raw/PA_val_PA_T_0016508.flac
data/raw/PA/PA/ASVspoof2019_PA_train/flac/PA_T_0037707.flac,PA,PA_0092,CC,spoof,spoof,train,data/subset_raw/PA_train_PA_T_0037707.flac
data/raw/PA/PA/ASVspoof2019_PA_train/flac/PA_T_0022561.flac,PA,PA_0083,AC,spoof,spoof,train,data/subset_raw/PA_train_PA_T_0022561.flac
data/raw/PA/PA/ASVspoof2019_PA_train/flac/PA_T_0007105.flac,PA,PA_0082,CC,spoof,spoof,val,data/subset_raw/PA_val_PA_T_0007105.flac
data/raw/PA/PA/ASVspoof2019_PA_train/flac/PA_T_0029424.flac,PA,PA_0089,AC,spoof,spoof,train,data/subset_raw/PA_train_PA_T_0029424.flac
data/raw/PA/PA/ASVspoof2019_PA_train/flac/PA_T_0034021.flac,PA,PA_0094,CB,spoof,spoof,val,data/subset_raw/PA_val_PA_T_0034021.flac
data/raw/PA/PA/ASVspoof2019_PA_train/flac/PA_T_0049867.flac,PA,PA_0091,BC,spoof,spoof,val,data/subset_raw/PA_val_PA_T_0049867.flac
data/raw/PA/PA/ASVspoof2019_PA_train/flac/PA_T_0030793.flac,PA,PA_0088,AB,spoof,spoof,train,data/subset_raw/PA_train_PA_T_0030793.flac
data/raw/PA/PA/ASVspoof2019_PA_train/flac/PA_T_0047834.flac,PA,PA_0081,CA,spoof,spoof,val,data/subset_raw/PA_val_PA_T_0047834.flac
data/raw/PA/PA/ASVspoof2019_PA_train/flac/PA_T_0010105.flac,PA,PA_0086,CA,spoof,spoof,train,data/subset_raw/PA_train_PA_T_0010105.flac
data/raw/PA/PA/ASVspoof2019_PA_train/flac/PA_T_0014821.flac,PA,PA_0094,AC,spoof,spoof,val,data/subset_raw/PA_val_PA_T_0014821.flac
data/raw/PA/PA/ASVspoof2019_PA_train/flac/PA_T_0008142.flac,PA,PA_0091,BA,spoof,spoof,val,data/subset_raw/PA_val_PA_T_0008142.flac
data/raw/PA/PA/ASVspoof2019_PA_train/flac/PA_T_0013795.flac,PA,PA_0081,BC,spoof,spoof,val,data/subset_raw/PA_val_PA_T_0013795.flac
data/raw/PA/PA/ASVspoof2019_PA_train/flac/PA_T_0044738.flac,PA,PA_0086,CB,spoof,spoof,train,data/subset_raw/PA_train_PA_T_0044738.flac
data/raw/PA/PA/ASVspoof2019_PA_train/flac/PA_T_0050340.flac,PA,PA_0092,CC,spoof,spoof,train,data/subset_raw/PA_train_PA_T_0050340.flac
data/raw/PA/PA/ASVspoof2019_PA_train/flac/PA_T_0014302.flac,PA,PA_0084,CC,spoof,spoof,train,data/subset_raw/PA_train_PA_T_0014302.flac
data/raw/PA/PA/ASVspoof2019_PA_train/flac/PA_T_0021501.flac,PA,PA_0091,CC,spoof,spoof,val,data/subset_raw/PA_val_PA_T_0021501.flac
data/raw/PA/PA/ASVspoof2019_PA_train/flac/PA_T_0034587.flac,PA,PA_0087,AB,spoof,spoof,test,data/subset_raw/PA_test_PA_T_0034587.flac
data/raw/PA/PA/ASVspoof2019_PA_train/flac/PA_T_0018252.flac,PA,PA_0079,AB,spoof,spoof,test,data/subset_raw/PA_test_PA_T_0018252.flac
data/raw/PA/PA/ASVspoof2019_PA_train/flac/PA_T_0019347.flac,PA,PA_0091,BC,spoof,spoof,val,data/subset_raw/PA_val_PA_T_0019347.flac
data/raw/PA/PA/ASVspoof2019_PA_train/flac/PA_T_0053638.flac,PA,PA_0092,CB,spoof,spoof,train,data/subset_raw/PA_train_PA_T_0053638.flac
data/raw/PA/PA/ASVspoof2019_PA_train/flac/PA_T_0034066.flac,PA,PA_0080,CC,spoof,spoof,train,data/subset_raw/PA_train_PA_T_0034066.flac
data/raw/PA/PA/ASVspoof2019_PA_train/flac/PA_T_0026834.flac,PA,PA_0088,CC,spoof,spoof,train,data/subset_raw/PA_train_PA_T_0026834.flac
data/raw/PA/PA/ASVspoof2019_PA_train/flac/PA_T_0049319.flac,PA,PA_0094,AB,spoof,spoof,val,data/subset_raw/PA_val_PA_T_0049319.flac
data/raw/PA/PA/ASVspoof2019_PA_train/flac/PA_T_0023874.flac,PA,PA_0079,AC,spoof,spoof,test,data/subset_raw/PA_test_PA_T_0023874.flac
data/raw/PA/PA/ASVspoof2019_PA_train/flac/PA_T_0049893.flac,PA,PA_0081,CA,spoof,spoof,val,data/subset_raw/PA_val_PA_T_0049893.flac
data/raw/PA/PA/ASVspoof2019_PA_train/flac/PA_T_0036861.flac,PA,PA_0098,BC,spoof,spoof,train,data/subset_raw/PA_train_PA_T_0036861.flac
data/raw/PA/PA/ASVspoof2019_PA_train/flac/PA_T_0051504.flac,PA,PA_0083,BC,spoof,spoof,train,data/subset_raw/PA_train_PA_T_0051504.flac
data/raw/PA/PA/ASVspoof2019_PA_train/flac/PA_T_0030047.flac,PA,PA_0082,CA,spoof,spoof,val,data/subset_raw/PA_val_PA_T_0030047.flac
data/raw/PA/PA/ASVspoof2019_PA_train/flac/PA_T_0018440.flac,PA,PA_0094,AB,spoof,spoof,val,data/subset_raw/PA_val_PA_T_0018440.flac
data/raw/PA/PA/ASVspoof2019_PA_train/flac/PA_T_0045944.flac,PA,PA_0081,BB,spoof,spoof,val,data/subset_raw/PA_val_PA_T_0045944.flac
data/raw/PA/PA/ASVspoof2019_PA_train/flac/PA_T_0042083.flac,PA,PA_0088,BB,spoof,spoof,train,data/subset_raw/PA_train_PA_T_0042083.flac
data/raw/PA/PA/ASVspoof2019_PA_train/flac/PA_T_0029473.flac,PA,PA_0093,AC,spoof,spoof,train,data/subset_raw/PA_train_PA_T_0029473.flac
data/raw/PA/PA/ASVspoof2019_PA_train/flac/PA_T_0022569.flac,PA,PA_0084,AC,spoof,spoof,train,data/subset_raw/PA_train_PA_T_0022569.flac
data/raw/PA/PA/ASVspoof2019_PA_train/flac/PA_T_0029792.flac,PA,PA_0090,BB,spoof,spoof,train,data/subset_raw/PA_train_PA_T_0029792.flac
data/raw/PA/PA/ASVspoof2019_PA_train/flac/PA_T_0007301.flac,PA,PA_0086,AA,spoof,spoof,train,data/subset_raw/PA_train_PA_T_0007301.flac
data/raw/PA/PA/ASVspoof2019_PA_train/flac/PA_T_0012121.flac,PA,PA_0084,BB,spoof,spoof,train,data/subset_raw/PA_train_PA_T_0012121.flac
data/raw/PA/PA/ASVspoof2019_PA_train/flac/PA_T_0027255.flac,PA,PA_0091,AA,spoof,spoof,val,data/subset_raw/PA_val_PA_T_0027255.flac
data/raw/PA/PA/ASVspoof2019_PA_train/flac/PA_T_0018316.flac,PA,PA_0084,AB,spoof,spoof,train,data/subset_raw/PA_train_PA_T_0018316.flac
data/raw/PA/PA/ASVspoof2019_PA_train/flac/PA_T_0031259.flac,PA,PA_0088,BB,spoof,spoof,train,data/subset_raw/PA_train_PA_T_0031259.flac
data/raw/PA/PA/ASVspoof2019_PA_train/flac/PA_T_0013106.flac,PA,PA_0081,AC,spoof,spoof,val,data/subset_raw/PA_val_PA_T_0013106.flac
data/raw/PA/PA/ASVspoof2019_PA_train/flac/PA_T_0013321.flac,PA,PA_0080,BA,spoof,spoof,train,data/subset_raw/PA_train_PA_T_0013321.flac
data/raw/PA/PA/ASVspoof2019_PA_train/flac/PA_T_0027229.flac,PA,PA_0089,AA,spoof,spoof,train,data/subset_raw/PA_train_PA_T_0027229.flac
data/raw/PA/PA/ASVspoof2019_PA_train/flac/PA_T_0036693.flac,PA,PA_0097,BB,spoof,spoof,test,data/subset_raw/PA_test_PA_T_0036693.flac
data/raw/PA/PA/ASVspoof2019_PA_train/flac/PA_T_0039182.flac,PA,PA_0090,BC,spoof,spoof,train,data/subset_raw/PA_train_PA_T_0039182.flac
data/raw/PA/PA/ASVspoof2019_PA_train/flac/PA_T_0024917.flac,PA,PA_0090,CB,spoof,spoof,train,data/subset_raw/PA_train_PA_T_0024917.flac
data/raw/PA/PA/ASVspoof2019_PA_train/flac/PA_T_0053347.flac,PA,PA_0090,CA,spoof,spoof,train,data/subset_raw/PA_train_PA_T_0053347.flac
data/raw/PA/PA/ASVspoof2019_PA_train/flac/PA_T_0023595.flac,PA,PA_0095,AA,spoof,spoof,train,data/subset_raw/PA_train_PA_T_0023595.flac
data/raw/PA/PA/ASVspoof2019_PA_train/flac/PA_T_0038983.flac,PA,PA_0092,AC,spoof,spoof,train,data/subset_raw/PA_train_PA_T_0038983.flac
data/raw/PA/PA/ASVspoof2019_PA_train/flac/PA_T_0036591.flac,PA,PA_0083,BB,spoof,spoof,train,data/subset_raw/PA_train_PA_T_0036591.flac
data/raw/PA/PA/ASVspoof2019_PA_train/flac/PA_T_0024300.flac,PA,PA_0082,BB,spoof,spoof,val,data/subset_raw/PA_val_PA_T_0024300.flac
data/raw/PA/PA/ASVspoof2019_PA_train/flac/PA_T_0048359.flac,PA,PA_0080,CC,spoof,spoof,train,data/subset_raw/PA_train_PA_T_0048359.flac
data/raw/PA/PA/ASVspoof2019_PA_train/flac/PA_T_0014804.flac,PA,PA_0092,AC,spoof,spoof,train,data/subset_raw/PA_train_PA_T_0014804.flac
data/raw/PA/PA/ASVspoof2019_PA_train/flac/PA_T_0035647.flac,PA,PA_0082,CB,spoof,spoof,val,data/subset_raw/PA_val_PA_T_0035647.flac
data/raw/PA/PA/ASVspoof2019_PA_train/flac/PA_T_0022177.flac,PA,PA_0085,AB,spoof,spoof,train,data/subset_raw/PA_train_PA_T_0022177.flac
data/raw/PA/PA/ASVspoof2019_PA_train/flac/PA_T_0019203.flac,PA,PA_0079,BC,spoof,spoof,test,data/subset_raw/PA_test_PA_T_0019203.flac
data/raw/PA/PA/ASVspoof2019_PA_train/flac/PA_T_0051914.flac,PA,PA_0088,CB,spoof,spoof,train,data/subset_raw/PA_train_PA_T_0051914.flac
data/raw/PA/PA/ASVspoof2019_PA_train/flac/PA_T_0040500.flac,PA,PA_0093,BA,spoof,spoof,train,data/subset_raw/PA_train_PA_T_0040500.flac
data/raw/PA/PA/ASVspoof2019_PA_train/flac/PA_T_0052262.flac,PA,PA_0091,AA,spoof,spoof,val,data/subset_raw/PA_val_PA_T_0052262.flac
data/raw/PA/PA/ASVspoof2019_PA_train/flac/PA_T_0028777.flac,PA,PA_0095,CC,spoof,spoof,train,data/subset_raw/PA_train_PA_T_0028777.flac
data/raw/PA/PA/ASVspoof2019_PA_train/flac/PA_T_0048822.flac,PA,PA_0089,AA,spoof,spoof,train,data/subset_raw/PA_train_PA_T_0048822.flac
data/raw/PA/PA/ASVspoof2019_PA_train/flac/PA_T_0038113.flac,PA,PA_0093,AA,spoof,spoof,train,data/subset_raw/PA_train_PA_T_0038113.flac
data/raw/PA/PA/ASVspoof2019_PA_train/flac/PA_T_0048590.flac,PA,PA_0098,CC,spoof,spoof,train,data/subset_raw/PA_train_PA_T_0048590.flac
data/raw/PA/PA/ASVspoof2019_PA_train/flac/PA_T_0046874.flac,PA,PA_0091,AA,spoof,spoof,val,data/subset_raw/PA_val_PA_T_0046874.flac
data/raw/PA/PA/ASVspoof2019_PA_train/flac/PA_T_0048674.flac,PA,PA_0082,AA,spoof,spoof,val,data/subset_raw/PA_val_PA_T_0048674.flac
data/raw/PA/PA/ASVspoof2019_PA_train/flac/PA_T_0050891.flac,PA,PA_0080,AC,spoof,spoof,train,data/subset_raw/PA_train_PA_T_0050891.flac
data/raw/PA/PA/ASVspoof2019_PA_train/flac/PA_T_0008612.flac,PA,PA_0080,CA,spoof,spoof,train,data/subset_raw/PA_train_PA_T_0008612.flac
data/raw/PA/PA/ASVspoof2019_PA_train/flac/PA_T_0032150.flac,PA,PA_0081,CC,spoof,spoof,val,data/subset_raw/PA_val_PA_T_0032150.flac
data/raw/PA/PA/ASVspoof2019_PA_train/flac/PA_T_0028402.flac,PA,PA_0080,CA,spoof,spoof,train,data/subset_raw/PA_train_PA_T_0028402.flac
data/raw/PA/PA/ASVspoof2019_PA_train/flac/PA_T_0006991.flac,PA,PA_0083,CB,spoof,spoof,train,data/subset_raw/PA_train_PA_T_0006991.flac
data/raw/PA/PA/ASVspoof2019_PA_train/flac/PA_T_0008127.flac,PA,PA_0090,BA,spoof,spoof,train,data/subset_raw/PA_train_PA_T_0008127.flac
data/raw/PA/PA/ASVspoof2019_PA_train/flac/PA_T_0011832.flac,PA,PA_0089,AC,spoof,spoof,train,data/subset_raw/PA_train_PA_T_0011832.flac
data/raw/PA/PA/ASVspoof2019_PA_train/flac/PA_T_0028818.flac,PA,PA_0080,AA,spoof,spoof,train,data/subset_raw/PA_train_PA_T_0028818.flac
data/raw/PA/PA/ASVspoof2019_PA_train/flac/PA_T_0051165.flac,PA,PA_0084,BA,spoof,spoof,train,data/subset_raw/PA_train_PA_T_0051165.flac
data/raw/PA/PA/ASVspoof2019_PA_train/flac/PA_T_0041201.flac,PA,PA_0096,CB,spoof,spoof,train,data/subset_raw/PA_train_PA_T_0041201.flac
data/raw/PA/PA/ASVspoof2019_PA_train/flac/PA_T_0023538.flac,PA,PA_0090,AA,spoof,spoof,train,data/subset_raw/PA_train_PA_T_0023538.flac
data/raw/PA/PA/ASVspoof2019_PA_train/flac/PA_T_0022838.flac,PA,PA_0096,AC,spoof,spoof,train,data/subset_raw/PA_train_PA_T_0022838.flac
data/raw/PA/PA/ASVspoof2019_PA_train/flac/PA_T_0048299.flac,PA,PA_0096,CB,spoof,spoof,train,data/subset_raw/PA_train_PA_T_0048299.flac
data/raw/PA/PA/ASVspoof2019_PA_train/flac/PA_T_0013759.flac,PA,PA_0098,BB,spoof,spoof,train,data/subset_raw/PA_train_PA_T_0013759.flac
data/raw/PA/PA/ASVspoof2019_PA_train/flac/PA_T_0022026.flac,PA,PA_0098,AA,spoof,spoof,train,data/subset_raw/PA_train_PA_T_0022026.flac
data/raw/PA/PA/ASVspoof2019_PA_train/flac/PA_T_0036311.flac,PA,PA_0086,AC,spoof,spoof,train,data/subset_raw/PA_train_PA_T_0036311.flac
data/raw/PA/PA/ASVspoof2019_PA_train/flac/PA_T_0044990.flac,PA,PA_0097,CC,spoof,spoof,test,data/subset_raw/PA_test_PA_T_0044990.flac
data/raw/PA/PA/ASVspoof2019_PA_train/flac/PA_T_0047363.flac,PA,PA_0098,BA,spoof,spoof,train,data/subset_raw/PA_train_PA_T_0047363.flac
data/raw/PA/PA/ASVspoof2019_PA_train/flac/PA_T_0032471.flac,PA,PA_0082,AA,spoof,spoof,val,data/subset_raw/PA_val_PA_T_0032471.flac
data/raw/PA/PA/ASVspoof2019_PA_train/flac/PA_T_0037847.flac,PA,PA_0081,AA,spoof,spoof,val,data/subset_raw/PA_val_PA_T_0037847.flac
data/raw/PA/PA/ASVspoof2019_PA_train/flac/PA_T_0045636.flac,PA,PA_0090,AC,spoof,spoof,train,data/subset_raw/PA_train_PA_T_0045636.flac
data/raw/PA/PA/ASVspoof2019_PA_train/flac/PA_T_0043501.flac,PA,PA_0093,AA,spoof,spoof,train,data/subset_raw/PA_train_PA_T_0043501.flac
data/raw/PA/PA/ASVspoof2019_PA_train/flac/PA_T_0045904.flac,PA,PA_0097,BA,spoof,spoof,test,data/subset_raw/PA_test_PA_T_0045904.flac
data/raw/PA/PA/ASVspoof2019_PA_train/flac/PA_T_0009189.flac,PA,PA_0088,AB,spoof,spoof,train,data/subset_raw/PA_train_PA_T_0009189.flac
data/raw/PA/PA/ASVspoof2019_PA_train/flac/PA_T_0042091.flac,PA,PA_0089,BB,spoof,spoof,train,data/subset_raw/PA_train_PA_T_0042091.flac
data/raw/PA/PA/ASVspoof2019_PA_train/flac/PA_T_0032258.flac,PA,PA_0089,CC,spoof,spoof,train,data/subset_raw/PA_train_PA_T_0032258.flac
data/raw/PA/PA/ASVspoof2019_PA_train/flac/PA_T_0039745.flac,PA,PA_0090,AA,spoof,spoof,train,data/subset_raw/PA_train_PA_T_0039745.flac
data/raw/PA/PA/ASVspoof2019_PA_train/flac/PA_T_0044016.flac,PA,PA_0097,AB,spoof,spoof,test,data/subset_raw/PA_test_PA_T_0044016.flac
data/raw/PA/PA/ASVspoof2019_PA_train/flac/PA_T_0039308.flac,PA,PA_0095,CA,spoof,spoof,train,data/subset_raw/PA_train_PA_T_0039308.flac
data/raw/PA/PA/ASVspoof2019_PA_train/flac/PA_T_0022097.flac,PA,PA_0082,AB,spoof,spoof,val,data/subset_raw/PA_val_PA_T_0022097.flac
data/raw/PA/PA/ASVspoof2019_PA_train/flac/PA_T_0052047.flac,PA,PA_0082,CC,spoof,spoof,val,data/subset_raw/PA_val_PA_T_0052047.flac
data/raw/PA/PA/ASVspoof2019_PA_train/flac/PA_T_0033633.flac,PA,PA_0096,AC,spoof,spoof,train,data/subset_raw/PA_train_PA_T_0033633.flac
data/raw/PA/PA/ASVspoof2019_PA_train/flac/PA_T_0052970.flac,PA,PA_0080,BC,spoof,spoof,train,data/subset_raw/PA_train_PA_T_0052970.flac
data/raw/PA/PA/ASVspoof2019_PA_train/flac/PA_T_0024048.flac,PA,PA_0093,AC,spoof,spoof,train,data/subset_raw/PA_train_PA_T_0024048.flac
data/raw/PA/PA/ASVspoof2019_PA_train/flac/PA_T_0029279.flac,PA,PA_0097,AB,spoof,spoof,test,data/subset_raw/PA_test_PA_T_0029279.flac
data/raw/PA/PA/ASVspoof2019_PA_train/flac/PA_T_0035675.flac,PA,PA_0085,CB,spoof,spoof,train,data/subset_raw/PA_train_PA_T_0035675.flac
data/raw/PA/PA/ASVspoof2019_PA_train/flac/PA_T_0006515.flac,PA,PA_0094,AC,spoof,spoof,val,data/subset_raw/PA_val_PA_T_0006515.flac
data/raw/PA/PA/ASVspoof2019_PA_train/flac/PA_T_0035336.flac,PA,PA_0087,BC,spoof,spoof,test,data/subset_raw/PA_test_PA_T_0035336.flac
data/raw/PA/PA/ASVspoof2019_PA_train/flac/PA_T_0050668.flac,PA,PA_0081,AB,spoof,spoof,val,data/subset_raw/PA_val_PA_T_0050668.flac
data/raw/PA/PA/ASVspoof2019_PA_train/flac/PA_T_0043345.flac,PA,PA_0085,AA,spoof,spoof,train,data/subset_raw/PA_train_PA_T_0043345.flac
data/raw/PA/PA/ASVspoof2019_PA_train/flac/PA_T_0052233.flac,PA,PA_0085,AA,spoof,spoof,train,data/subset_raw/PA_train_PA_T_0052233.flac
data/raw/PA/PA/ASVspoof2019_PA_train/flac/PA_T_0012695.flac,PA,PA_0087,AA,spoof,spoof,test,data/subset_raw/PA_test_PA_T_0012695.flac
data/raw/PA/PA/ASVspoof2019_PA_train/flac/PA_T_0040628.flac,PA,PA_0089,BB,spoof,spoof,train,data/subset_raw/PA_train_PA_T_0040628.flac
data/raw/PA/PA/ASVspoof2019_PA_train/flac/PA_T_0012523.flac,PA,PA_0085,CC,spoof,spoof,train,data/subset_raw/PA_train_PA_T_0012523.flac
data/raw/PA/PA/ASVspoof2019_PA_train/flac/PA_T_0049196.flac,PA,PA_0088,AB,spoof,spoof,train,data/subset_raw/PA_train_PA_T_0049196.flac
data/raw/PA/PA/ASVspoof2019_PA_train/flac/PA_T_0050272.flac,PA,PA_0084,CC,spoof,spoof,train,data/subset_raw/PA_train_PA_T_0050272.flac
data/raw/PA/PA/ASVspoof2019_PA_train/flac/PA_T_0052422.flac,PA,PA_0083,AC,spoof,spoof,train,data/subset_raw/PA_train_PA_T_0052422.flac
data/raw/PA/PA/ASVspoof2019_PA_train/flac/PA_T_0025938.flac,PA,PA_0098,BB,spoof,spoof,train,data/subset_raw/PA_train_PA_T_0025938.flac
data/raw/PA/PA/ASVspoof2019_PA_train/flac/PA_T_0026598.flac,PA,PA_0092,CB,spoof,spoof,train,data/subset_raw/PA_train_PA_T_0026598.flac
data/raw/PA/PA/ASVspoof2019_PA_train/flac/PA_T_0034685.flac,PA,PA_0095,AB,spoof,spoof,train,data/subset_raw/PA_train_PA_T_0034685.flac
data/raw/PA/PA/ASVspoof2019_PA_train/flac/PA_T_0021066.flac,PA,PA_0080,CB,spoof,spoof,train,data/subset_raw/PA_train_PA_T_0021066.flac
data/raw/PA/PA/ASVspoof2019_PA_train/flac/PA_T_0046201.flac,PA,PA_0090,BC,spoof,spoof,train,data/subset_raw/PA_train_PA_T_0046201.flac
data/raw/PA/PA/ASVspoof2019_PA_train/flac/PA_T_0052701.flac,PA,PA_0096,BA,spoof,spoof,train,data/subset_raw/PA_train_PA_T_0052701.flac
data/raw/PA/PA/ASVspoof2019_PA_train/flac/PA_T_0016284.flac,PA,PA_0083,AA,spoof,spoof,train,data/subset_raw/PA_train_PA_T_0016284.flac
data/raw/PA/PA/ASVspoof2019_PA_train/flac/PA_T_0033717.flac,PA,PA_0086,BB,spoof,spoof,train,data/subset_raw/PA_train_PA_T_0033717.flac
data/raw/PA/PA/ASVspoof2019_PA_train/flac/PA_T_0023296.flac,PA,PA_0080,CC,spoof,spoof,train,data/subset_raw/PA_train_PA_T_0023296.flac
data/raw/PA/PA/ASVspoof2019_PA_train/flac/PA_T_0026532.flac,PA,PA_0088,CB,spoof,spoof,train,data/subset_raw/PA_train_PA_T_0026532.flac
data/raw/PA/PA/ASVspoof2019_PA_train/flac/PA_T_0031844.flac,PA,PA_0080,CB,spoof,spoof,train,data/subset_raw/PA_train_PA_T_0031844.flac
data/raw/PA/PA/ASVspoof2019_PA_train/flac/PA_T_0047781.flac,PA,PA_0097,BC,spoof,spoof,test,data/subset_raw/PA_test_PA_T_0047781.flac
data/raw/PA/PA/ASVspoof2019_PA_train/flac/PA_T_0040371.flac,PA,PA_0098,AC,spoof,spoof,train,data/subset_raw/PA_train_PA_T_0040371.flac
data/raw/PA/PA/ASVspoof2019_PA_train/flac/PA_T_0053991.flac,PA,PA_0098,CC,spoof,spoof,train,data/subset_raw/PA_train_PA_T_0053991.flac
data/raw/PA/PA/ASVspoof2019_PA_train/flac/PA_T_0022160.flac,PA,PA_0085,AB,spoof,spoof,train,data/subset_raw/PA_train_PA_T_0022160.flac
data/raw/PA/PA/ASVspoof2019_PA_train/flac/PA_T_0011204.flac,PA,PA_0098,AA,spoof,spoof,train,data/subset_raw/PA_train_PA_T_0011204.flac
